file,line,type,commit,author,date,time,timezone,datetime,depth,length
style.css,1,css,f231014b,nsam160,2025-04-07,12:23:30,-07:00,2025-04-07T12:23:30-07:00,0,2
style.css,2,css,5d28d9e6,nsam160,2025-04-15,09:25:18,-07:00,2025-04-15T09:25:18-07:00,1,36
style.css,3,css,5d28d9e6,nsam160,2025-04-15,09:25:18,-07:00,2025-04-15T09:25:18-07:00,1,30
style.css,4,css,f231014b,nsam160,2025-04-07,12:23:30,-07:00,2025-04-07T12:23:30-07:00,0,0
style.css,5,css,f231014b,nsam160,2025-04-07,12:23:30,-07:00,2025-04-07T12:23:30-07:00,0,0
style.css,6,css,40653057,nsam160,2025-04-01,18:15:45,-07:00,2025-04-01T18:15:45-07:00,0,2
style.css,7,css,40653057,nsam160,2025-04-01,18:15:45,-07:00,2025-04-01T18:15:45-07:00,1,41
style.css,8,css,40653057,nsam160,2025-04-01,18:15:45,-07:00,2025-04-01T18:15:45-07:00,2,40
style.css,9,css,40653057,nsam160,2025-04-01,18:15:45,-07:00,2025-04-01T18:15:45-07:00,1,0
style.css,10,css,f231014b,nsam160,2025-04-07,12:23:30,-07:00,2025-04-07T12:23:30-07:00,1,0
style.css,11,css,40653057,nsam160,2025-04-01,18:15:45,-07:00,2025-04-01T18:15:45-07:00,1,21
style.css,12,css,f231014b,nsam160,2025-04-07,12:23:30,-07:00,2025-04-07T12:23:30-07:00,1,21
style.css,13,css,f231014b,nsam160,2025-04-07,12:23:30,-07:00,2025-04-07T12:23:30-07:00,1,13
style.css,14,css,f231014b,nsam160,2025-04-07,12:23:30,-07:00,2025-04-07T12:23:30-07:00,1,40
style.css,15,css,f231014b,nsam160,2025-04-07,12:23:30,-07:00,2025-04-07T12:23:30-07:00,1,10
style.css,16,css,f231014b,nsam160,2025-04-07,12:23:30,-07:00,2025-04-07T12:23:30-07:00,0,0
style.css,17,css,f231014b,nsam160,2025-04-07,12:23:30,-07:00,2025-04-07T12:23:30-07:00,0,0
style.css,18,css,5d28d9e6,nsam160,2025-04-15,09:25:18,-07:00,2025-04-15T09:25:18-07:00,0,10
style.css,19,css,f231014b,nsam160,2025-04-07,12:23:30,-07:00,2025-04-07T12:23:30-07:00,1,14
style.css,20,css,f231014b,nsam160,2025-04-07,12:23:30,-07:00,2025-04-07T12:23:30-07:00,1,0
style.css,21,css,f231014b,nsam160,2025-04-07,12:23:30,-07:00,2025-04-07T12:23:30-07:00,2,14
style.css,22,css,f231014b,nsam160,2025-04-07,12:23:30,-07:00,2025-04-07T12:23:30-07:00,1,0
style.css,23,css,5d28d9e6,nsam160,2025-04-15,09:25:18,-07:00,2025-04-15T09:25:18-07:00,0,0
style.css,24,css,f231014b,nsam160,2025-04-07,12:23:30,-07:00,2025-04-07T12:23:30-07:00,0,0
style.css,25,css,f231014b,nsam160,2025-04-07,12:23:30,-07:00,2025-04-07T12:23:30-07:00,0,2
style.css,26,css,f231014b,nsam160,2025-04-07,12:23:30,-07:00,2025-04-07T12:23:30-07:00,1,10
style.css,27,css,f231014b,nsam160,2025-04-07,12:23:30,-07:00,2025-04-07T12:23:30-07:00,1,28
style.css,28,css,f231014b,nsam160,2025-04-07,12:23:30,-07:00,2025-04-07T12:23:30-07:00,1,5
style.css,29,css,f231014b,nsam160,2025-04-07,12:23:30,-07:00,2025-04-07T12:23:30-07:00,0,0
style.css,30,css,f231014b,nsam160,2025-04-07,12:23:30,-07:00,2025-04-07T12:23:30-07:00,1,3
style.css,31,css,f231014b,nsam160,2025-04-07,12:23:30,-07:00,2025-04-07T12:23:30-07:00,2,10
style.css,32,css,f231014b,nsam160,2025-04-07,12:23:30,-07:00,2025-04-07T12:23:30-07:00,2,27
style.css,33,css,f231014b,nsam160,2025-04-07,12:23:30,-07:00,2025-04-07T12:23:30-07:00,2,16
style.css,34,css,f231014b,nsam160,2025-04-07,12:23:30,-07:00,2025-04-07T12:23:30-07:00,1,0
style.css,35,css,f231014b,nsam160,2025-04-07,12:23:30,-07:00,2025-04-07T12:23:30-07:00,0,0
style.css,36,css,f231014b,nsam160,2025-04-07,12:23:30,-07:00,2025-04-07T12:23:30-07:00,0,0
style.css,37,css,5d28d9e6,nsam160,2025-04-15,09:25:18,-07:00,2025-04-15T09:25:18-07:00,0,29
style.css,38,css,f231014b,nsam160,2025-04-07,12:23:30,-07:00,2025-04-07T12:23:30-07:00,1,10
style.css,39,css,f231014b,nsam160,2025-04-07,12:23:30,-07:00,2025-04-07T12:23:30-07:00,0,0
style.css,40,css,f231014b,nsam160,2025-04-07,12:23:30,-07:00,2025-04-07T12:23:30-07:00,0,0
style.css,41,css,f231014b,nsam160,2025-04-07,12:23:30,-07:00,2025-04-07T12:23:30-07:00,0,0
style.css,42,css,f231014b,nsam160,2025-04-07,12:23:30,-07:00,2025-04-07T12:23:30-07:00,0,2
style.css,43,css,f231014b,nsam160,2025-04-07,12:23:30,-07:00,2025-04-07T12:23:30-07:00,1,3
style.css,44,css,f231014b,nsam160,2025-04-07,12:23:30,-07:00,2025-04-07T12:23:30-07:00,2,11
style.css,45,css,f231014b,nsam160,2025-04-07,12:23:30,-07:00,2025-04-07T12:23:30-07:00,2,16
style.css,46,css,f231014b,nsam160,2025-04-07,12:23:30,-07:00,2025-04-07T12:23:30-07:00,1,0
style.css,47,css,f231014b,nsam160,2025-04-07,12:23:30,-07:00,2025-04-07T12:23:30-07:00,0,0
style.css,48,css,f231014b,nsam160,2025-04-07,12:23:30,-07:00,2025-04-07T12:23:30-07:00,1,3
style.css,49,css,f231014b,nsam160,2025-04-07,12:23:30,-07:00,2025-04-07T12:23:30-07:00,2,11
style.css,50,css,f231014b,nsam160,2025-04-07,12:23:30,-07:00,2025-04-07T12:23:30-07:00,2,8
style.css,51,css,f231014b,nsam160,2025-04-07,12:23:30,-07:00,2025-04-07T12:23:30-07:00,2,19
style.css,52,css,f231014b,nsam160,2025-04-07,12:23:30,-07:00,2025-04-07T12:23:30-07:00,2,10
style.css,53,css,f231014b,nsam160,2025-04-07,12:23:30,-07:00,2025-04-07T12:23:30-07:00,1,0
style.css,54,css,f231014b,nsam160,2025-04-07,12:23:30,-07:00,2025-04-07T12:23:30-07:00,1,0
style.css,55,css,f231014b,nsam160,2025-04-07,12:23:30,-07:00,2025-04-07T12:23:30-07:00,1,6
style.css,56,css,f231014b,nsam160,2025-04-07,12:23:30,-07:00,2025-04-07T12:23:30-07:00,2,11
style.css,57,css,f231014b,nsam160,2025-04-07,12:23:30,-07:00,2025-04-07T12:23:30-07:00,2,8
style.css,58,css,f231014b,nsam160,2025-04-07,12:23:30,-07:00,2025-04-07T12:23:30-07:00,2,19
style.css,59,css,f231014b,nsam160,2025-04-07,12:23:30,-07:00,2025-04-07T12:23:30-07:00,2,10
style.css,60,css,f231014b,nsam160,2025-04-07,12:23:30,-07:00,2025-04-07T12:23:30-07:00,1,0
style.css,61,css,f231014b,nsam160,2025-04-07,12:23:30,-07:00,2025-04-07T12:23:30-07:00,1,0
style.css,62,css,f231014b,nsam160,2025-04-07,12:23:30,-07:00,2025-04-07T12:23:30-07:00,1,4
style.css,63,css,f231014b,nsam160,2025-04-07,12:23:30,-07:00,2025-04-07T12:23:30-07:00,2,11
style.css,64,css,f231014b,nsam160,2025-04-07,12:23:30,-07:00,2025-04-07T12:23:30-07:00,2,8
style.css,65,css,f231014b,nsam160,2025-04-07,12:23:30,-07:00,2025-04-07T12:23:30-07:00,2,19
style.css,66,css,f231014b,nsam160,2025-04-07,12:23:30,-07:00,2025-04-07T12:23:30-07:00,2,10
style.css,67,css,f231014b,nsam160,2025-04-07,12:23:30,-07:00,2025-04-07T12:23:30-07:00,1,0
style.css,68,css,f231014b,nsam160,2025-04-07,12:23:30,-07:00,2025-04-07T12:23:30-07:00,0,0
style.css,69,css,f231014b,nsam160,2025-04-07,12:23:30,-07:00,2025-04-07T12:23:30-07:00,0,0
style.css,70,css,f231014b,nsam160,2025-04-07,12:23:30,-07:00,2025-04-07T12:23:30-07:00,0,0
style.css,71,css,f231014b,nsam160,2025-04-07,12:23:30,-07:00,2025-04-07T12:23:30-07:00,0,1
style.css,72,css,5d28d9e6,nsam160,2025-04-15,09:25:18,-07:00,2025-04-15T09:25:18-07:00,1,37
style.css,73,css,5d28d9e6,nsam160,2025-04-15,09:25:18,-07:00,2025-04-15T09:25:18-07:00,0,0
style.css,74,css,f231014b,nsam160,2025-04-07,12:23:30,-07:00,2025-04-07T12:23:30-07:00,1,10
style.css,75,css,f231014b,nsam160,2025-04-07,12:23:30,-07:00,2025-04-07T12:23:30-07:00,1,16
style.css,76,css,f231014b,nsam160,2025-04-07,12:23:30,-07:00,2025-04-07T12:23:30-07:00,1,21
style.css,77,css,f231014b,nsam160,2025-04-07,12:23:30,-07:00,2025-04-07T12:23:30-07:00,1,23
style.css,78,css,5d28d9e6,nsam160,2025-04-15,09:25:18,-07:00,2025-04-15T09:25:18-07:00,1,37
style.css,79,css,f231014b,nsam160,2025-04-07,12:23:30,-07:00,2025-04-07T12:23:30-07:00,0,0
style.css,80,css,f231014b,nsam160,2025-04-07,12:23:30,-07:00,2025-04-07T12:23:30-07:00,1,7
style.css,81,css,f231014b,nsam160,2025-04-07,12:23:30,-07:00,2025-04-07T12:23:30-07:00,2,23
style.css,82,css,f231014b,nsam160,2025-04-07,12:23:30,-07:00,2025-04-07T12:23:30-07:00,2,23
style.css,83,css,5d28d9e6,nsam160,2025-04-15,09:25:18,-07:00,2025-04-15T09:25:18-07:00,2,37
style.css,84,css,f231014b,nsam160,2025-04-07,12:23:30,-07:00,2025-04-07T12:23:30-07:00,2,17
style.css,85,css,f231014b,nsam160,2025-04-07,12:23:30,-07:00,2025-04-07T12:23:30-07:00,1,0
style.css,86,css,f231014b,nsam160,2025-04-07,12:23:30,-07:00,2025-04-07T12:23:30-07:00,0,0
style.css,87,css,f231014b,nsam160,2025-04-07,12:23:30,-07:00,2025-04-07T12:23:30-07:00,1,0
style.css,88,css,f231014b,nsam160,2025-04-07,12:23:30,-07:00,2025-04-07T12:23:30-07:00,2,4
style.css,89,css,f231014b,nsam160,2025-04-07,12:23:30,-07:00,2025-04-07T12:23:30-07:00,2,18
style.css,90,css,f231014b,nsam160,2025-04-07,12:23:30,-07:00,2025-04-07T12:23:30-07:00,2,11
style.css,91,css,f231014b,nsam160,2025-04-07,12:23:30,-07:00,2025-04-07T12:23:30-07:00,2,15
style.css,92,css,f231014b,nsam160,2025-04-07,12:23:30,-07:00,2025-04-07T12:23:30-07:00,2,11
style.css,93,css,f231014b,nsam160,2025-04-07,12:23:30,-07:00,2025-04-07T12:23:30-07:00,1,0
style.css,94,css,f231014b,nsam160,2025-04-07,12:23:30,-07:00,2025-04-07T12:23:30-07:00,0,0
style.css,95,css,f231014b,nsam160,2025-04-07,12:23:30,-07:00,2025-04-07T12:23:30-07:00,1,5
style.css,96,css,f231014b,nsam160,2025-04-07,12:23:30,-07:00,2025-04-07T12:23:30-07:00,2,23
style.css,97,css,f231014b,nsam160,2025-04-07,12:23:30,-07:00,2025-04-07T12:23:30-07:00,2,23
style.css,98,css,f231014b,nsam160,2025-04-07,12:23:30,-07:00,2025-04-07T12:23:30-07:00,2,37
style.css,99,css,5d28d9e6,nsam160,2025-04-15,09:25:18,-07:00,2025-04-15T09:25:18-07:00,2,67
style.css,100,css,f231014b,nsam160,2025-04-07,12:23:30,-07:00,2025-04-07T12:23:30-07:00,1,0
style.css,101,css,f231014b,nsam160,2025-04-07,12:23:30,-07:00,2025-04-07T12:23:30-07:00,0,0
style.css,102,css,f231014b,nsam160,2025-04-07,12:23:30,-07:00,2025-04-07T12:23:30-07:00,0,0
style.css,103,css,f231014b,nsam160,2025-04-07,12:23:30,-07:00,2025-04-07T12:23:30-07:00,0,7
style.css,104,css,f231014b,nsam160,2025-04-07,12:23:30,-07:00,2025-04-07T12:23:30-07:00,1,10
style.css,105,css,f231014b,nsam160,2025-04-07,12:23:30,-07:00,2025-04-07T12:23:30-07:00,1,56
style.css,106,css,f231014b,nsam160,2025-04-07,12:23:30,-07:00,2025-04-07T12:23:30-07:00,1,5
style.css,107,css,f231014b,nsam160,2025-04-07,12:23:30,-07:00,2025-04-07T12:23:30-07:00,0,0
style.css,108,css,f231014b,nsam160,2025-04-07,12:23:30,-07:00,2025-04-07T12:23:30-07:00,1,5
style.css,109,css,f231014b,nsam160,2025-04-07,12:23:30,-07:00,2025-04-07T12:23:30-07:00,2,10
style.css,110,css,f231014b,nsam160,2025-04-07,12:23:30,-07:00,2025-04-07T12:23:30-07:00,2,24
style.css,111,css,f231014b,nsam160,2025-04-07,12:23:30,-07:00,2025-04-07T12:23:30-07:00,2,13
style.css,112,css,49651344,nsam160,2025-04-29,13:23:46,-07:00,2025-04-29T13:23:46-07:00,0,0
style.css,113,css,93397887,nsam160,2025-04-24,16:29:05,-07:00,2025-04-24T16:29:05-07:00,2,1
style.css,114,css,93397887,nsam160,2025-04-24,16:29:05,-07:00,2025-04-24T16:29:05-07:00,3,12
style.css,115,css,93397887,nsam160,2025-04-24,16:29:05,-07:00,2025-04-24T16:29:05-07:00,3,13
style.css,116,css,93397887,nsam160,2025-04-24,16:29:05,-07:00,2025-04-24T16:29:05-07:00,2,0
style.css,117,css,49651344,nsam160,2025-04-29,13:23:46,-07:00,2025-04-29T13:23:46-07:00,0,0
style.css,118,css,49651344,nsam160,2025-04-29,13:23:46,-07:00,2025-04-29T13:23:46-07:00,2,0
style.css,119,css,49651344,nsam160,2025-04-29,13:23:46,-07:00,2025-04-29T13:23:46-07:00,3,21
style.css,120,css,49651344,nsam160,2025-04-29,13:23:46,-07:00,2025-04-29T13:23:46-07:00,3,32
style.css,121,css,49651344,nsam160,2025-04-29,13:23:46,-07:00,2025-04-29T13:23:46-07:00,2,0
style.css,122,css,93397887,nsam160,2025-04-24,16:29:05,-07:00,2025-04-24T16:29:05-07:00,1,0
style.css,123,css,93397887,nsam160,2025-04-24,16:29:05,-07:00,2025-04-24T16:29:05-07:00,0,0
style.css,124,css,93397887,nsam160,2025-04-24,16:29:05,-07:00,2025-04-24T16:29:05-07:00,1,0
style.css,125,css,93397887,nsam160,2025-04-24,16:29:05,-07:00,2025-04-24T16:29:05-07:00,2,6
style.css,126,css,93397887,nsam160,2025-04-24,16:29:05,-07:00,2025-04-24T16:29:05-07:00,1,0
style.css,127,css,93397887,nsam160,2025-04-24,16:29:05,-07:00,2025-04-24T16:29:05-07:00,0,0
style.css,128,css,93397887,nsam160,2025-04-24,16:29:05,-07:00,2025-04-24T16:29:05-07:00,0,0
style.css,129,css,93397887,nsam160,2025-04-24,16:29:05,-07:00,2025-04-24T16:29:05-07:00,0,14
style.css,130,css,93397887,nsam160,2025-04-24,16:29:05,-07:00,2025-04-24T16:29:05-07:00,1,10
style.css,131,css,93397887,nsam160,2025-04-24,16:29:05,-07:00,2025-04-24T16:29:05-07:00,1,56
style.css,132,css,93397887,nsam160,2025-04-24,16:29:05,-07:00,2025-04-24T16:29:05-07:00,1,5
style.css,133,css,93397887,nsam160,2025-04-24,16:29:05,-07:00,2025-04-24T16:29:05-07:00,0,0
style.css,134,css,93397887,nsam160,2025-04-24,16:29:05,-07:00,2025-04-24T16:29:05-07:00,1,5
style.css,135,css,93397887,nsam160,2025-04-24,16:29:05,-07:00,2025-04-24T16:29:05-07:00,2,10
style.css,136,css,93397887,nsam160,2025-04-24,16:29:05,-07:00,2025-04-24T16:29:05-07:00,2,24
style.css,137,css,93397887,nsam160,2025-04-24,16:29:05,-07:00,2025-04-24T16:29:05-07:00,2,13
style.css,138,css,49651344,nsam160,2025-04-29,13:23:46,-07:00,2025-04-29T13:23:46-07:00,0,0
style.css,139,css,93397887,nsam160,2025-04-24,16:29:05,-07:00,2025-04-24T16:29:05-07:00,2,1
style.css,140,css,93397887,nsam160,2025-04-24,16:29:05,-07:00,2025-04-24T16:29:05-07:00,3,12
style.css,141,css,93397887,nsam160,2025-04-24,16:29:05,-07:00,2025-04-24T16:29:05-07:00,3,13
style.css,142,css,93397887,nsam160,2025-04-24,16:29:05,-07:00,2025-04-24T16:29:05-07:00,2,0
style.css,143,css,49651344,nsam160,2025-04-29,13:23:46,-07:00,2025-04-29T13:23:46-07:00,0,0
style.css,144,css,49651344,nsam160,2025-04-29,13:23:46,-07:00,2025-04-29T13:23:46-07:00,2,0
style.css,145,css,49651344,nsam160,2025-04-29,13:23:46,-07:00,2025-04-29T13:23:46-07:00,3,21
style.css,146,css,49651344,nsam160,2025-04-29,13:23:46,-07:00,2025-04-29T13:23:46-07:00,3,32
style.css,147,css,49651344,nsam160,2025-04-29,13:23:46,-07:00,2025-04-29T13:23:46-07:00,2,0
style.css,148,css,f231014b,nsam160,2025-04-07,12:23:30,-07:00,2025-04-07T12:23:30-07:00,1,0
style.css,149,css,f231014b,nsam160,2025-04-07,12:23:30,-07:00,2025-04-07T12:23:30-07:00,0,0
style.css,150,css,f231014b,nsam160,2025-04-07,12:23:30,-07:00,2025-04-07T12:23:30-07:00,1,0
style.css,151,css,f231014b,nsam160,2025-04-07,12:23:30,-07:00,2025-04-07T12:23:30-07:00,2,6
style.css,152,css,f231014b,nsam160,2025-04-07,12:23:30,-07:00,2025-04-07T12:23:30-07:00,1,0
style.css,153,css,f231014b,nsam160,2025-04-07,12:23:30,-07:00,2025-04-07T12:23:30-07:00,0,0
style.css,154,css,f231014b,nsam160,2025-04-07,12:23:30,-07:00,2025-04-07T12:23:30-07:00,0,0
style.css,155,css,93397887,nsam160,2025-04-24,16:29:05,-07:00,2025-04-24T16:29:05-07:00,0,15
style.css,156,css,93397887,nsam160,2025-04-24,16:29:05,-07:00,2025-04-24T16:29:05-07:00,1,10
style.css,157,css,93397887,nsam160,2025-04-24,16:29:05,-07:00,2025-04-24T16:29:05-07:00,1,34
style.css,158,css,93397887,nsam160,2025-04-24,16:29:05,-07:00,2025-04-24T16:29:05-07:00,1,5
style.css,159,css,93397887,nsam160,2025-04-24,16:29:05,-07:00,2025-04-24T16:29:05-07:00,1,9
style.css,160,css,93397887,nsam160,2025-04-24,16:29:05,-07:00,2025-04-24T16:29:05-07:00,0,0
style.css,161,css,93397887,nsam160,2025-04-24,16:29:05,-07:00,2025-04-24T16:29:05-07:00,1,0
style.css,162,css,93397887,nsam160,2025-04-24,16:29:05,-07:00,2025-04-24T16:29:05-07:00,2,8
style.css,163,css,93397887,nsam160,2025-04-24,16:29:05,-07:00,2025-04-24T16:29:05-07:00,2,15
style.css,164,css,93397887,nsam160,2025-04-24,16:29:05,-07:00,2025-04-24T16:29:05-07:00,2,12
style.css,165,css,93397887,nsam160,2025-04-24,16:29:05,-07:00,2025-04-24T16:29:05-07:00,1,0
style.css,166,css,93397887,nsam160,2025-04-24,16:29:05,-07:00,2025-04-24T16:29:05-07:00,0,0
style.css,167,css,93397887,nsam160,2025-04-24,16:29:05,-07:00,2025-04-24T16:29:05-07:00,1,0
style.css,168,css,93397887,nsam160,2025-04-24,16:29:05,-07:00,2025-04-24T16:29:05-07:00,2,8
style.css,169,css,93397887,nsam160,2025-04-24,16:29:05,-07:00,2025-04-24T16:29:05-07:00,2,6
style.css,170,css,93397887,nsam160,2025-04-24,16:29:05,-07:00,2025-04-24T16:29:05-07:00,2,12
style.css,171,css,93397887,nsam160,2025-04-24,16:29:05,-07:00,2025-04-24T16:29:05-07:00,1,0
style.css,172,css,93397887,nsam160,2025-04-24,16:29:05,-07:00,2025-04-24T16:29:05-07:00,0,0
style.css,173,css,93397887,nsam160,2025-04-24,16:29:05,-07:00,2025-04-24T16:29:05-07:00,0,0
style.css,174,css,f231014b,nsam160,2025-04-07,12:23:30,-07:00,2025-04-07T12:23:30-07:00,0,0
style.css,175,css,f231014b,nsam160,2025-04-07,12:23:30,-07:00,2025-04-07T12:23:30-07:00,1,12
style.css,176,css,f231014b,nsam160,2025-04-07,12:23:30,-07:00,2025-04-07T12:23:30-07:00,1,28
style.css,177,css,f231014b,nsam160,2025-04-07,12:23:30,-07:00,2025-04-07T12:23:30-07:00,0,0
style.css,178,css,f231014b,nsam160,2025-04-07,12:23:30,-07:00,2025-04-07T12:23:30-07:00,0,0
style.css,179,css,f231014b,nsam160,2025-04-07,12:23:30,-07:00,2025-04-07T12:23:30-07:00,0,0
style.css,180,css,f231014b,nsam160,2025-04-07,12:23:30,-07:00,2025-04-07T12:23:30-07:00,1,22
style.css,181,css,f231014b,nsam160,2025-04-07,12:23:30,-07:00,2025-04-07T12:23:30-07:00,0,0
style.css,182,css,f231014b,nsam160,2025-04-07,12:23:30,-07:00,2025-04-07T12:23:30-07:00,0,0
style.css,183,css,f231014b,nsam160,2025-04-07,12:23:30,-07:00,2025-04-07T12:23:30-07:00,0,0
style.css,184,css,f231014b,nsam160,2025-04-07,12:23:30,-07:00,2025-04-07T12:23:30-07:00,1,35
style.css,185,css,6ecfaca6,nsam160,2025-04-07,12:45:04,-07:00,2025-04-07T12:45:04-07:00,1,18
style.css,186,css,6ecfaca6,nsam160,2025-04-07,12:45:04,-07:00,2025-04-07T12:45:04-07:00,1,23
style.css,187,css,f231014b,nsam160,2025-04-07,12:23:30,-07:00,2025-04-07T12:23:30-07:00,0,0
style.css,188,css,f231014b,nsam160,2025-04-07,12:23:30,-07:00,2025-04-07T12:23:30-07:00,0,0
style.css,189,css,d4e5c314,nsam160,2025-04-07,14:18:31,-07:00,2025-04-07T14:18:31-07:00,0,20
style.css,190,css,d4e5c314,nsam160,2025-04-07,14:18:31,-07:00,2025-04-07T14:18:31-07:00,1,13
style.css,191,css,d4e5c314,nsam160,2025-04-07,14:18:31,-07:00,2025-04-07T14:18:31-07:00,1,15
style.css,192,css,d4e5c314,nsam160,2025-04-07,14:18:31,-07:00,2025-04-07T14:18:31-07:00,0,0
style.css,193,css,d4e5c314,nsam160,2025-04-07,14:18:31,-07:00,2025-04-07T14:18:31-07:00,0,0
style.css,194,css,f231014b,nsam160,2025-04-07,12:23:30,-07:00,2025-04-07T12:23:30-07:00,0,8
style.css,195,css,f231014b,nsam160,2025-04-07,12:23:30,-07:00,2025-04-07T12:23:30-07:00,1,15
style.css,196,css,f231014b,nsam160,2025-04-07,12:23:30,-07:00,2025-04-07T12:23:30-07:00,0,0
style.css,197,css,f231014b,nsam160,2025-04-07,12:23:30,-07:00,2025-04-07T12:23:30-07:00,0,0
style.css,198,css,f231014b,nsam160,2025-04-07,12:23:30,-07:00,2025-04-07T12:23:30-07:00,0,9
style.css,199,css,f231014b,nsam160,2025-04-07,12:23:30,-07:00,2025-04-07T12:23:30-07:00,1,12
style.css,200,css,f231014b,nsam160,2025-04-07,12:23:30,-07:00,2025-04-07T12:23:30-07:00,0,0
style.css,201,css,f231014b,nsam160,2025-04-07,12:23:30,-07:00,2025-04-07T12:23:30-07:00,0,0
style.css,202,css,f231014b,nsam160,2025-04-07,12:23:30,-07:00,2025-04-07T12:23:30-07:00,0,9
style.css,203,css,f231014b,nsam160,2025-04-07,12:23:30,-07:00,2025-04-07T12:23:30-07:00,1,10
style.css,204,css,f231014b,nsam160,2025-04-07,12:23:30,-07:00,2025-04-07T12:23:30-07:00,1,20
style.css,205,css,f231014b,nsam160,2025-04-07,12:23:30,-07:00,2025-04-07T12:23:30-07:00,0,0
style.css,206,css,f231014b,nsam160,2025-04-07,12:23:30,-07:00,2025-04-07T12:23:30-07:00,1,1
style.css,207,css,f231014b,nsam160,2025-04-07,12:23:30,-07:00,2025-04-07T12:23:30-07:00,2,14
style.css,208,css,5606b6cb,nsam160,2025-04-10,17:00:20,-07:00,2025-04-10T17:00:20-07:00,2,11
style.css,209,css,f231014b,nsam160,2025-04-07,12:23:30,-07:00,2025-04-07T12:23:30-07:00,1,0
style.css,210,css,f231014b,nsam160,2025-04-07,12:23:30,-07:00,2025-04-07T12:23:30-07:00,0,0
style.css,211,css,f231014b,nsam160,2025-04-07,12:23:30,-07:00,2025-04-07T12:23:30-07:00,0,0
style.css,212,css,f231014b,nsam160,2025-04-07,12:23:30,-07:00,2025-04-07T12:23:30-07:00,0,6
style.css,213,css,f231014b,nsam160,2025-04-07,12:23:30,-07:00,2025-04-07T12:23:30-07:00,1,17
style.css,214,css,f231014b,nsam160,2025-04-07,12:23:30,-07:00,2025-04-07T12:23:30-07:00,1,14
style.css,215,css,f231014b,nsam160,2025-04-07,12:23:30,-07:00,2025-04-07T12:23:30-07:00,0,0
style.css,216,css,f231014b,nsam160,2025-04-07,12:23:30,-07:00,2025-04-07T12:23:30-07:00,0,0
style.css,217,css,f231014b,nsam160,2025-04-07,12:23:30,-07:00,2025-04-07T12:23:30-07:00,0,6
style.css,218,css,f231014b,nsam160,2025-04-07,12:23:30,-07:00,2025-04-07T12:23:30-07:00,1,17
style.css,219,css,f231014b,nsam160,2025-04-07,12:23:30,-07:00,2025-04-07T12:23:30-07:00,1,14
style.css,220,css,f231014b,nsam160,2025-04-07,12:23:30,-07:00,2025-04-07T12:23:30-07:00,0,0
style.css,221,css,f231014b,nsam160,2025-04-07,12:23:30,-07:00,2025-04-07T12:23:30-07:00,0,0
style.css,222,css,f231014b,nsam160,2025-04-07,12:23:30,-07:00,2025-04-07T12:23:30-07:00,0,9
style.css,223,css,f231014b,nsam160,2025-04-07,12:23:30,-07:00,2025-04-07T12:23:30-07:00,1,18
style.css,224,css,f231014b,nsam160,2025-04-07,12:23:30,-07:00,2025-04-07T12:23:30-07:00,1,14
style.css,225,css,f231014b,nsam160,2025-04-07,12:23:30,-07:00,2025-04-07T12:23:30-07:00,0,0
style.css,226,css,f231014b,nsam160,2025-04-07,12:23:30,-07:00,2025-04-07T12:23:30-07:00,0,0
style.css,227,css,f231014b,nsam160,2025-04-07,12:23:30,-07:00,2025-04-07T12:23:30-07:00,0,12
style.css,228,css,f231014b,nsam160,2025-04-07,12:23:30,-07:00,2025-04-07T12:23:30-07:00,1,20
style.css,229,css,f231014b,nsam160,2025-04-07,12:23:30,-07:00,2025-04-07T12:23:30-07:00,0,0
style.css,230,css,f231014b,nsam160,2025-04-07,12:23:30,-07:00,2025-04-07T12:23:30-07:00,0,0
style.css,231,css,f231014b,nsam160,2025-04-07,12:23:30,-07:00,2025-04-07T12:23:30-07:00,0,12
style.css,232,css,f231014b,nsam160,2025-04-07,12:23:30,-07:00,2025-04-07T12:23:30-07:00,1,20
style.css,233,css,f231014b,nsam160,2025-04-07,12:23:30,-07:00,2025-04-07T12:23:30-07:00,0,0
style.css,234,css,f231014b,nsam160,2025-04-07,12:23:30,-07:00,2025-04-07T12:23:30-07:00,0,0
style.css,235,css,f231014b,nsam160,2025-04-07,12:23:30,-07:00,2025-04-07T12:23:30-07:00,0,5
style.css,236,css,f231014b,nsam160,2025-04-07,12:23:30,-07:00,2025-04-07T12:23:30-07:00,1,0
style.css,237,css,f231014b,nsam160,2025-04-07,12:23:30,-07:00,2025-04-07T12:23:30-07:00,2,20
style.css,238,css,f231014b,nsam160,2025-04-07,12:23:30,-07:00,2025-04-07T12:23:30-07:00,1,0
style.css,239,css,f231014b,nsam160,2025-04-07,12:23:30,-07:00,2025-04-07T12:23:30-07:00,0,0
style.css,240,css,f231014b,nsam160,2025-04-07,12:23:30,-07:00,2025-04-07T12:23:30-07:00,1,0
style.css,241,css,f231014b,nsam160,2025-04-07,12:23:30,-07:00,2025-04-07T12:23:30-07:00,2,14
style.css,242,css,f231014b,nsam160,2025-04-07,12:23:30,-07:00,2025-04-07T12:23:30-07:00,1,0
style.css,243,css,f231014b,nsam160,2025-04-07,12:23:30,-07:00,2025-04-07T12:23:30-07:00,0,0
style.css,244,css,f231014b,nsam160,2025-04-07,12:23:30,-07:00,2025-04-07T12:23:30-07:00,1,0
style.css,245,css,f231014b,nsam160,2025-04-07,12:23:30,-07:00,2025-04-07T12:23:30-07:00,2,20
style.css,246,css,f231014b,nsam160,2025-04-07,12:23:30,-07:00,2025-04-07T12:23:30-07:00,1,0
style.css,247,css,f231014b,nsam160,2025-04-07,12:23:30,-07:00,2025-04-07T12:23:30-07:00,0,0
style.css,248,css,f231014b,nsam160,2025-04-07,12:23:30,-07:00,2025-04-07T12:23:30-07:00,1,5
style.css,249,css,f231014b,nsam160,2025-04-07,12:23:30,-07:00,2025-04-07T12:23:30-07:00,2,14
style.css,250,css,f231014b,nsam160,2025-04-07,12:23:30,-07:00,2025-04-07T12:23:30-07:00,1,0
style.css,251,css,f231014b,nsam160,2025-04-07,12:23:30,-07:00,2025-04-07T12:23:30-07:00,0,0
style.css,252,css,f231014b,nsam160,2025-04-07,12:23:30,-07:00,2025-04-07T12:23:30-07:00,1,17
style.css,253,css,f231014b,nsam160,2025-04-07,12:23:30,-07:00,2025-04-07T12:23:30-07:00,2,15
style.css,254,css,f231014b,nsam160,2025-04-07,12:23:30,-07:00,2025-04-07T12:23:30-07:00,1,0
style.css,255,css,f231014b,nsam160,2025-04-07,12:23:30,-07:00,2025-04-07T12:23:30-07:00,0,0
style.css,256,css,f231014b,nsam160,2025-04-07,12:23:30,-07:00,2025-04-07T12:23:30-07:00,1,0
style.css,257,css,f231014b,nsam160,2025-04-07,12:23:30,-07:00,2025-04-07T12:23:30-07:00,2,18
style.css,258,css,f231014b,nsam160,2025-04-07,12:23:30,-07:00,2025-04-07T12:23:30-07:00,2,11
style.css,259,css,f231014b,nsam160,2025-04-07,12:23:30,-07:00,2025-04-07T12:23:30-07:00,1,0
style.css,260,css,f231014b,nsam160,2025-04-07,12:23:30,-07:00,2025-04-07T12:23:30-07:00,0,0
style.css,261,css,f231014b,nsam160,2025-04-07,12:23:30,-07:00,2025-04-07T12:23:30-07:00,1,5
style.css,262,css,f231014b,nsam160,2025-04-07,12:23:30,-07:00,2025-04-07T12:23:30-07:00,2,23
style.css,263,css,f231014b,nsam160,2025-04-07,12:23:30,-07:00,2025-04-07T12:23:30-07:00,2,39
style.css,264,css,5d28d9e6,nsam160,2025-04-15,09:25:18,-07:00,2025-04-15T09:25:18-07:00,2,67
style.css,265,css,f231014b,nsam160,2025-04-07,12:23:30,-07:00,2025-04-07T12:23:30-07:00,1,0
style.css,266,css,f231014b,nsam160,2025-04-07,12:23:30,-07:00,2025-04-07T12:23:30-07:00,0,0
style.css,267,css,f231014b,nsam160,2025-04-07,12:23:30,-07:00,2025-04-07T12:23:30-07:00,0,0
style.css,268,css,f231014b,nsam160,2025-04-07,12:23:30,-07:00,2025-04-07T12:23:30-07:00,0,0
style.css,269,css,f231014b,nsam160,2025-04-07,12:23:30,-07:00,2025-04-07T12:23:30-07:00,0,5
style.css,270,css,f231014b,nsam160,2025-04-07,12:23:30,-07:00,2025-04-07T12:23:30-07:00,1,10
style.css,271,css,f231014b,nsam160,2025-04-07,12:23:30,-07:00,2025-04-07T12:23:30-07:00,1,8
style.css,272,css,f231014b,nsam160,2025-04-07,12:23:30,-07:00,2025-04-07T12:23:30-07:00,0,0
style.css,273,css,f231014b,nsam160,2025-04-07,12:23:30,-07:00,2025-04-07T12:23:30-07:00,0,0
style.css,274,css,f231014b,nsam160,2025-04-07,12:23:30,-07:00,2025-04-07T12:23:30-07:00,0,4
style.css,275,css,f231014b,nsam160,2025-04-07,12:23:30,-07:00,2025-04-07T12:23:30-07:00,1,4
style.css,276,css,d4e5c314,nsam160,2025-04-07,14:18:31,-07:00,2025-04-07T14:18:31-07:00,1,16
style.css,277,css,f231014b,nsam160,2025-04-07,12:23:30,-07:00,2025-04-07T12:23:30-07:00,0,0
style.css,278,css,f231014b,nsam160,2025-04-07,12:23:30,-07:00,2025-04-07T12:23:30-07:00,0,0
style.css,279,css,f231014b,nsam160,2025-04-07,12:23:30,-07:00,2025-04-07T12:23:30-07:00,0,10
style.css,280,css,d4e5c314,nsam160,2025-04-07,14:18:31,-07:00,2025-04-07T14:18:31-07:00,1,38
style.css,281,css,f231014b,nsam160,2025-04-07,12:23:30,-07:00,2025-04-07T12:23:30-07:00,0,0
style.css,282,css,f231014b,nsam160,2025-04-07,12:23:30,-07:00,2025-04-07T12:23:30-07:00,0,0
style.css,283,css,f231014b,nsam160,2025-04-07,12:23:30,-07:00,2025-04-07T12:23:30-07:00,0,16
style.css,284,css,f231014b,nsam160,2025-04-07,12:23:30,-07:00,2025-04-07T12:23:30-07:00,1,15
style.css,285,css,5d28d9e6,nsam160,2025-04-15,09:25:18,-07:00,2025-04-15T09:25:18-07:00,0,0
style.css,286,css,5d28d9e6,nsam160,2025-04-15,09:25:18,-07:00,2025-04-15T09:25:18-07:00,0,0
style.css,287,css,5d28d9e6,nsam160,2025-04-15,09:25:18,-07:00,2025-04-15T09:25:18-07:00,0,11
style.css,288,css,5d28d9e6,nsam160,2025-04-15,09:25:18,-07:00,2025-04-15T09:25:18-07:00,1,15
style.css,289,css,5d28d9e6,nsam160,2025-04-15,09:25:18,-07:00,2025-04-15T09:25:18-07:00,1,5
style.css,290,css,5d28d9e6,nsam160,2025-04-15,09:25:18,-07:00,2025-04-15T09:25:18-07:00,1,8
style.css,291,css,5d28d9e6,nsam160,2025-04-15,09:25:18,-07:00,2025-04-15T09:25:18-07:00,1,11
style.css,292,css,5d28d9e6,nsam160,2025-04-15,09:25:18,-07:00,2025-04-15T09:25:18-07:00,1,17
style.css,293,css,49651344,nsam160,2025-04-29,13:23:46,-07:00,2025-04-29T13:23:46-07:00,0,0
style.css,294,css,49651344,nsam160,2025-04-29,13:23:46,-07:00,2025-04-29T13:23:46-07:00,0,0
style.css,295,css,49651344,nsam160,2025-04-29,13:23:46,-07:00,2025-04-29T13:23:46-07:00,0,16
style.css,296,css,49651344,nsam160,2025-04-29,13:23:46,-07:00,2025-04-29T13:23:46-07:00,1,12
style.css,297,css,49651344,nsam160,2025-04-29,13:23:46,-07:00,2025-04-29T13:23:46-07:00,1,12
style.css,298,css,49651344,nsam160,2025-04-29,13:23:46,-07:00,2025-04-29T13:23:46-07:00,1,14
style.css,299,css,49651344,nsam160,2025-04-29,13:23:46,-07:00,2025-04-29T13:23:46-07:00,1,41
style.css,300,css,49651344,nsam160,2025-04-29,13:23:46,-07:00,2025-04-29T13:23:46-07:00,1,15
style.css,301,css,49651344,nsam160,2025-04-29,13:23:46,-07:00,2025-04-29T13:23:46-07:00,0,0
style.css,302,css,49651344,nsam160,2025-04-29,13:23:46,-07:00,2025-04-29T13:23:46-07:00,1,4
style.css,303,css,49651344,nsam160,2025-04-29,13:23:46,-07:00,2025-04-29T13:23:46-07:00,0,0
style.css,304,css,49651344,nsam160,2025-04-29,13:23:46,-07:00,2025-04-29T13:23:46-07:00,0,0
style.css,305,css,49651344,nsam160,2025-04-29,13:23:46,-07:00,2025-04-29T13:23:46-07:00,0,5
style.css,306,css,49651344,nsam160,2025-04-29,13:23:46,-07:00,2025-04-29T13:23:46-07:00,1,10
style.css,307,css,49651344,nsam160,2025-04-29,13:23:46,-07:00,2025-04-29T13:23:46-07:00,1,55
style.css,308,css,49651344,nsam160,2025-04-29,13:23:46,-07:00,2025-04-29T13:23:46-07:00,1,7
style.css,309,css,49651344,nsam160,2025-04-29,13:23:46,-07:00,2025-04-29T13:23:46-07:00,1,9
style.css,310,css,49651344,nsam160,2025-04-29,13:23:46,-07:00,2025-04-29T13:23:46-07:00,1,15
style.css,311,css,49651344,nsam160,2025-04-29,13:23:46,-07:00,2025-04-29T13:23:46-07:00,1,13
style.css,312,css,49651344,nsam160,2025-04-29,13:23:46,-07:00,2025-04-29T13:23:46-07:00,1,0
style.css,313,css,49651344,nsam160,2025-04-29,13:23:46,-07:00,2025-04-29T13:23:46-07:00,1,14
style.css,314,css,49651344,nsam160,2025-04-29,13:23:46,-07:00,2025-04-29T13:23:46-07:00,1,16
style.css,315,css,49651344,nsam160,2025-04-29,13:23:46,-07:00,2025-04-29T13:23:46-07:00,1,35
style.css,316,css,49651344,nsam160,2025-04-29,13:23:46,-07:00,2025-04-29T13:23:46-07:00,0,0
style.css,317,css,49651344,nsam160,2025-04-29,13:23:46,-07:00,2025-04-29T13:23:46-07:00,1,4
style.css,318,css,49651344,nsam160,2025-04-29,13:23:46,-07:00,2025-04-29T13:23:46-07:00,0,0
style.css,319,css,49651344,nsam160,2025-04-29,13:23:46,-07:00,2025-04-29T13:23:46-07:00,1,10
style.css,320,css,49651344,nsam160,2025-04-29,13:23:46,-07:00,2025-04-29T13:23:46-07:00,2,10
style.css,321,css,49651344,nsam160,2025-04-29,13:23:46,-07:00,2025-04-29T13:23:46-07:00,2,16
style.css,322,css,49651344,nsam160,2025-04-29,13:23:46,-07:00,2025-04-29T13:23:46-07:00,2,8
style.css,323,css,49651344,nsam160,2025-04-29,13:23:46,-07:00,2025-04-29T13:23:46-07:00,0,0
style.css,324,css,49651344,nsam160,2025-04-29,13:23:46,-07:00,2025-04-29T13:23:46-07:00,2,5
style.css,325,css,49651344,nsam160,2025-04-29,13:23:46,-07:00,2025-04-29T13:23:46-07:00,3,7
style.css,326,css,49651344,nsam160,2025-04-29,13:23:46,-07:00,2025-04-29T13:23:46-07:00,3,16
style.css,327,css,49651344,nsam160,2025-04-29,13:23:46,-07:00,2025-04-29T13:23:46-07:00,3,27
style.css,328,css,49651344,nsam160,2025-04-29,13:23:46,-07:00,2025-04-29T13:23:46-07:00,3,15
style.css,329,css,49651344,nsam160,2025-04-29,13:23:46,-07:00,2025-04-29T13:23:46-07:00,2,0
style.css,330,css,49651344,nsam160,2025-04-29,13:23:46,-07:00,2025-04-29T13:23:46-07:00,1,0
style.css,331,css,49651344,nsam160,2025-04-29,13:23:46,-07:00,2025-04-29T13:23:46-07:00,0,0
style.css,332,css,49651344,nsam160,2025-04-29,13:23:46,-07:00,2025-04-29T13:23:46-07:00,1,19
style.css,333,css,49651344,nsam160,2025-04-29,13:23:46,-07:00,2025-04-29T13:23:46-07:00,2,33
style.css,334,css,49651344,nsam160,2025-04-29,13:23:46,-07:00,2025-04-29T13:23:46-07:00,2,10
style.css,335,css,49651344,nsam160,2025-04-29,13:23:46,-07:00,2025-04-29T13:23:46-07:00,2,16
style.css,336,css,49651344,nsam160,2025-04-29,13:23:46,-07:00,2025-04-29T13:23:46-07:00,2,8
style.css,337,css,49651344,nsam160,2025-04-29,13:23:46,-07:00,2025-04-29T13:23:46-07:00,2,0
style.css,338,css,49651344,nsam160,2025-04-29,13:23:46,-07:00,2025-04-29T13:23:46-07:00,2,5
style.css,339,css,49651344,nsam160,2025-04-29,13:23:46,-07:00,2025-04-29T13:23:46-07:00,3,7
style.css,340,css,49651344,nsam160,2025-04-29,13:23:46,-07:00,2025-04-29T13:23:46-07:00,3,16
style.css,341,css,49651344,nsam160,2025-04-29,13:23:46,-07:00,2025-04-29T13:23:46-07:00,3,27
style.css,342,css,49651344,nsam160,2025-04-29,13:23:46,-07:00,2025-04-29T13:23:46-07:00,3,15
style.css,343,css,49651344,nsam160,2025-04-29,13:23:46,-07:00,2025-04-29T13:23:46-07:00,2,0
style.css,344,css,49651344,nsam160,2025-04-29,13:23:46,-07:00,2025-04-29T13:23:46-07:00,1,0
style.css,345,css,49651344,nsam160,2025-04-29,13:23:46,-07:00,2025-04-29T13:23:46-07:00,0,0
style.css,346,css,49651344,nsam160,2025-04-29,13:23:46,-07:00,2025-04-29T13:23:46-07:00,0,0
style.css,347,css,49651344,nsam160,2025-04-29,13:23:46,-07:00,2025-04-29T13:23:46-07:00,0,8
style.css,348,css,49651344,nsam160,2025-04-29,13:23:46,-07:00,2025-04-29T13:23:46-07:00,1,10
style.css,349,css,49651344,nsam160,2025-04-29,13:23:46,-07:00,2025-04-29T13:23:46-07:00,1,16
style.css,350,css,49651344,nsam160,2025-04-29,13:23:46,-07:00,2025-04-29T13:23:46-07:00,1,7
style.css,351,css,49651344,nsam160,2025-04-29,13:23:46,-07:00,2025-04-29T13:23:46-07:00,0,0
style.css,352,css,49651344,nsam160,2025-04-29,13:23:46,-07:00,2025-04-29T13:23:46-07:00,0,0
style.css,353,css,49651344,nsam160,2025-04-29,13:23:46,-07:00,2025-04-29T13:23:46-07:00,0,8
style.css,354,css,49651344,nsam160,2025-04-29,13:23:46,-07:00,2025-04-29T13:23:46-07:00,1,12
style.css,355,css,49651344,nsam160,2025-04-29,13:23:46,-07:00,2025-04-29T13:23:46-07:00,1,15
style.css,356,css,49651344,nsam160,2025-04-29,13:23:46,-07:00,2025-04-29T13:23:46-07:00,1,8
style.css,357,css,49651344,nsam160,2025-04-29,13:23:46,-07:00,2025-04-29T13:23:46-07:00,1,12
style.css,358,css,49651344,nsam160,2025-04-29,13:23:46,-07:00,2025-04-29T13:23:46-07:00,1,12
style.css,359,css,49651344,nsam160,2025-04-29,13:23:46,-07:00,2025-04-29T13:23:46-07:00,0,0
style.css,360,css,49651344,nsam160,2025-04-29,13:23:46,-07:00,2025-04-29T13:23:46-07:00,0,0
style.css,361,css,49651344,nsam160,2025-04-29,13:23:46,-07:00,2025-04-29T13:23:46-07:00,0,15
style.css,362,css,49651344,nsam160,2025-04-29,13:23:46,-07:00,2025-04-29T13:23:46-07:00,1,14
style.css,363,css,49651344,nsam160,2025-04-29,13:23:46,-07:00,2025-04-29T13:23:46-07:00,2,9
style.css,364,css,49651344,nsam160,2025-04-29,13:23:46,-07:00,2025-04-29T13:23:46-07:00,1,0
style.css,365,css,49651344,nsam160,2025-04-29,13:23:46,-07:00,2025-04-29T13:23:46-07:00,0,0
style.css,366,css,49651344,nsam160,2025-04-29,13:23:46,-07:00,2025-04-29T13:23:46-07:00,0,0
style.css,367,css,49651344,nsam160,2025-04-29,13:23:46,-07:00,2025-04-29T13:23:46-07:00,0,2
style.css,368,css,49651344,nsam160,2025-04-29,13:23:46,-07:00,2025-04-29T13:23:46-07:00,1,14
style.css,369,css,49651344,nsam160,2025-04-29,13:23:46,-07:00,2025-04-29T13:23:46-07:00,0,0
style.css,370,css,49651344,nsam160,2025-04-29,13:23:46,-07:00,2025-04-29T13:23:46-07:00,0,0
style.css,371,css,49651344,nsam160,2025-04-29,13:23:46,-07:00,2025-04-29T13:23:46-07:00,0,7
style.css,372,css,49651344,nsam160,2025-04-29,13:23:46,-07:00,2025-04-29T13:23:46-07:00,1,33
style.css,373,css,49651344,nsam160,2025-04-29,13:23:46,-07:00,2025-04-29T13:23:46-07:00,0,0
style.css,374,css,49651344,nsam160,2025-04-29,13:23:46,-07:00,2025-04-29T13:23:46-07:00,1,8
style.css,375,css,49651344,nsam160,2025-04-29,13:23:46,-07:00,2025-04-29T13:23:46-07:00,1,15
style.css,376,css,49651344,nsam160,2025-04-29,13:23:46,-07:00,2025-04-29T13:23:46-07:00,1,0
style.css,377,css,40653057,nsam160,2025-04-01,18:15:45,-07:00,2025-04-01T18:15:45-07:00,0,0
index.js,1,js,93397887,nsam160,2025-04-24,16:29:05,-07:00,2025-04-24T16:29:05-07:00,0,69
index.js,2,js,93397887,nsam160,2025-04-24,16:29:05,-07:00,2025-04-24T16:29:05-07:00,0,0
index.js,3,js,f78c1053,nsam160,2025-04-24,16:43:57,-07:00,2025-04-24T16:43:57-07:00,0,52
index.js,4,js,93397887,nsam160,2025-04-24,16:29:05,-07:00,2025-04-24T16:29:05-07:00,0,40
index.js,5,js,93397887,nsam160,2025-04-24,16:29:05,-07:00,2025-04-24T16:29:05-07:00,0,65
index.js,6,js,93397887,nsam160,2025-04-24,16:29:05,-07:00,2025-04-24T16:29:05-07:00,0,52
index.js,7,js,93397887,nsam160,2025-04-24,16:29:05,-07:00,2025-04-24T16:29:05-07:00,0,0
index.js,8,js,93397887,nsam160,2025-04-24,16:29:05,-07:00,2025-04-24T16:29:05-07:00,0,48
index.js,9,js,93397887,nsam160,2025-04-24,16:29:05,-07:00,2025-04-24T16:29:05-07:00,0,58
index.js,10,js,93397887,nsam160,2025-04-24,16:29:05,-07:00,2025-04-24T16:29:05-07:00,0,15
index.js,11,js,93397887,nsam160,2025-04-24,16:29:05,-07:00,2025-04-24T16:29:05-07:00,1,22
index.js,12,js,93397887,nsam160,2025-04-24,16:29:05,-07:00,2025-04-24T16:29:05-07:00,2,0
index.js,13,js,93397887,nsam160,2025-04-24,16:29:05,-07:00,2025-04-24T16:29:05-07:00,3,47
index.js,14,js,93397887,nsam160,2025-04-24,16:29:05,-07:00,2025-04-24T16:29:05-07:00,3,47
index.js,15,js,93397887,nsam160,2025-04-24,16:29:05,-07:00,2025-04-24T16:29:05-07:00,3,53
index.js,16,js,93397887,nsam160,2025-04-24,16:29:05,-07:00,2025-04-24T16:29:05-07:00,3,53
index.js,17,js,93397887,nsam160,2025-04-24,16:29:05,-07:00,2025-04-24T16:29:05-07:00,2,1
index.js,18,js,93397887,nsam160,2025-04-24,16:29:05,-07:00,2025-04-24T16:29:05-07:00,1,0
index.js,19,js,93397887,nsam160,2025-04-24,16:29:05,-07:00,2025-04-24T16:29:05-07:00,0,0
index.html,1,html,b6b2efd8,nsam160,2025-04-01,13:40:45,-07:00,2025-04-01T13:40:45-07:00,0,11
index.html,2,html,b6b2efd8,nsam160,2025-04-01,13:40:45,-07:00,2025-04-01T13:40:45-07:00,0,12
index.html,3,html,b6b2efd8,nsam160,2025-04-01,13:40:45,-07:00,2025-04-01T13:40:45-07:00,0,2
index.html,4,html,40653057,nsam160,2025-04-01,18:15:45,-07:00,2025-04-01T18:15:45-07:00,1,40
index.html,5,html,d4e5c314,nsam160,2025-04-07,14:18:31,-07:00,2025-04-07T14:18:31-07:00,1,62
index.html,6,html,b6b2efd8,nsam160,2025-04-01,13:40:45,-07:00,2025-04-01T13:40:45-07:00,1,18
index.html,7,html,b6b2efd8,nsam160,2025-04-01,13:40:45,-07:00,2025-04-01T13:40:45-07:00,1,66
index.html,8,html,b6b2efd8,nsam160,2025-04-01,13:40:45,-07:00,2025-04-01T13:40:45-07:00,1,3
index.html,9,html,b6b2efd8,nsam160,2025-04-01,13:40:45,-07:00,2025-04-01T13:40:45-07:00,2,33
index.html,10,html,b6b2efd8,nsam160,2025-04-01,13:40:45,-07:00,2025-04-01T13:40:45-07:00,1,4
index.html,11,html,b6b2efd8,nsam160,2025-04-01,13:40:45,-07:00,2025-04-01T13:40:45-07:00,0,3
index.html,12,html,b6b2efd8,nsam160,2025-04-01,13:40:45,-07:00,2025-04-01T13:40:45-07:00,0,2
index.html,13,html,5d28d9e6,nsam160,2025-04-15,09:25:18,-07:00,2025-04-15T09:25:18-07:00,1,6
index.html,14,html,f231014b,nsam160,2025-04-07,12:23:30,-07:00,2025-04-07T12:23:30-07:00,2,17
index.html,15,html,5d28d9e6,nsam160,2025-04-15,09:25:18,-07:00,2025-04-15T09:25:18-07:00,3,36
index.html,16,html,f231014b,nsam160,2025-04-07,12:23:30,-07:00,2025-04-07T12:23:30-07:00,3,49
index.html,17,html,f231014b,nsam160,2025-04-07,12:23:30,-07:00,2025-04-07T12:23:30-07:00,3,47
index.html,18,html,f231014b,nsam160,2025-04-07,12:23:30,-07:00,2025-04-07T12:23:30-07:00,3,73
index.html,19,html,f231014b,nsam160,2025-04-07,12:23:30,-07:00,2025-04-07T12:23:30-07:00,3,45
index.html,20,html,f231014b,nsam160,2025-04-07,12:23:30,-07:00,2025-04-07T12:23:30-07:00,2,1
index.html,21,html,5d28d9e6,nsam160,2025-04-15,09:25:18,-07:00,2025-04-15T09:25:18-07:00,1,6
index.html,22,html,f231014b,nsam160,2025-04-07,12:23:30,-07:00,2025-04-07T12:23:30-07:00,0,0
index.html,23,html,f231014b,nsam160,2025-04-07,12:23:30,-07:00,2025-04-07T12:23:30-07:00,1,20
index.html,24,html,b6b2efd8,nsam160,2025-04-01,13:40:45,-07:00,2025-04-01T13:40:45-07:00,2,4
index.html,25,html,b6b2efd8,nsam160,2025-04-01,13:40:45,-07:00,2025-04-01T13:40:45-07:00,1,1
index.html,26,html,f231014b,nsam160,2025-04-07,12:23:30,-07:00,2025-04-07T12:23:30-07:00,1,19
index.html,27,html,b6b2efd8,nsam160,2025-04-01,13:40:45,-07:00,2025-04-01T13:40:45-07:00,2,60
index.html,28,html,b6b2efd8,nsam160,2025-04-01,13:40:45,-07:00,2025-04-01T13:40:45-07:00,2,61
index.html,29,html,b6b2efd8,nsam160,2025-04-01,13:40:45,-07:00,2025-04-01T13:40:45-07:00,2,59
index.html,30,html,b6b2efd8,nsam160,2025-04-01,13:40:45,-07:00,2025-04-01T13:40:45-07:00,2,59
index.html,31,html,b6b2efd8,nsam160,2025-04-01,13:40:45,-07:00,2025-04-01T13:40:45-07:00,2,58
index.html,32,html,b6b2efd8,nsam160,2025-04-01,13:40:45,-07:00,2025-04-01T13:40:45-07:00,2,58
index.html,33,html,b6b2efd8,nsam160,2025-04-01,13:40:45,-07:00,2025-04-01T13:40:45-07:00,2,51
index.html,34,html,b6b2efd8,nsam160,2025-04-01,13:40:45,-07:00,2025-04-01T13:40:45-07:00,1,0
index.html,35,html,f231014b,nsam160,2025-04-07,12:23:30,-07:00,2025-04-07T12:23:30-07:00,1,22
index.html,36,html,40653057,nsam160,2025-04-01,18:15:45,-07:00,2025-04-01T18:15:45-07:00,1,30
index.html,37,html,f231014b,nsam160,2025-04-07,12:23:30,-07:00,2025-04-07T12:23:30-07:00,2,81
index.html,38,html,f231014b,nsam160,2025-04-07,12:23:30,-07:00,2025-04-07T12:23:30-07:00,1,2
index.html,39,html,f231014b,nsam160,2025-04-07,12:23:30,-07:00,2025-04-07T12:23:30-07:00,1,120
index.html,40,html,5d28d9e6,nsam160,2025-04-15,09:25:18,-07:00,2025-04-15T09:25:18-07:00,0,0
index.html,41,html,93397887,nsam160,2025-04-24,16:29:05,-07:00,2025-04-24T16:29:05-07:00,1,20
index.html,42,html,93397887,nsam160,2025-04-24,16:29:05,-07:00,2025-04-24T16:29:05-07:00,1,25
index.html,43,html,93397887,nsam160,2025-04-24,16:29:05,-07:00,2025-04-24T16:29:05-07:00,1,47
index.html,44,html,93397887,nsam160,2025-04-24,16:29:05,-07:00,2025-04-24T16:29:05-07:00,1,2
index.html,45,html,93397887,nsam160,2025-04-24,16:29:05,-07:00,2025-04-24T16:29:05-07:00,0,0
index.html,46,html,93397887,nsam160,2025-04-24,16:29:05,-07:00,2025-04-24T16:29:05-07:00,1,20
index.html,47,html,93397887,nsam160,2025-04-24,16:29:05,-07:00,2025-04-24T16:29:05-07:00,1,28
index.html,48,html,93397887,nsam160,2025-04-24,16:29:05,-07:00,2025-04-24T16:29:05-07:00,0,0
index.html,49,html,5d28d9e6,nsam160,2025-04-15,09:25:18,-07:00,2025-04-15T09:25:18-07:00,1,47
index.html,50,html,93397887,nsam160,2025-04-24,16:29:05,-07:00,2025-04-24T16:29:05-07:00,1,48
index.html,51,html,b6b2efd8,nsam160,2025-04-01,13:40:45,-07:00,2025-04-01T13:40:45-07:00,0,3
index.html,52,html,b6b2efd8,nsam160,2025-04-01,13:40:45,-07:00,2025-04-01T13:40:45-07:00,0,3
global.js,1,js,5d28d9e6,nsam160,2025-04-15,09:25:18,-07:00,2025-04-15T09:25:18-07:00,0,23
global.js,2,js,5d28d9e6,nsam160,2025-04-15,09:25:18,-07:00,2025-04-15T09:25:18-07:00,0,0
global.js,3,js,5d28d9e6,nsam160,2025-04-15,09:25:18,-07:00,2025-04-15T09:25:18-07:00,0,47
global.js,4,js,5d28d9e6,nsam160,2025-04-15,09:25:18,-07:00,2025-04-15T09:25:18-07:00,1,32
global.js,5,js,5d28d9e6,nsam160,2025-04-15,09:25:18,-07:00,2025-04-15T09:25:18-07:00,2,36
global.js,6,js,5d28d9e6,nsam160,2025-04-15,09:25:18,-07:00,2025-04-15T09:25:18-07:00,1,81
global.js,7,js,5d28d9e6,nsam160,2025-04-15,09:25:18,-07:00,2025-04-15T09:25:18-07:00,1,0
global.js,8,js,5d28d9e6,nsam160,2025-04-15,09:25:18,-07:00,2025-04-15T09:25:18-07:00,0,0
global.js,9,js,5d28d9e6,nsam160,2025-04-15,09:25:18,-07:00,2025-04-15T09:25:18-07:00,0,0
global.js,10,js,5d28d9e6,nsam160,2025-04-15,09:25:18,-07:00,2025-04-15T09:25:18-07:00,0,39
global.js,11,js,5d28d9e6,nsam160,2025-04-15,09:25:18,-07:00,2025-04-15T09:25:18-07:00,1,50
global.js,12,js,5d28d9e6,nsam160,2025-04-15,09:25:18,-07:00,2025-04-15T09:25:18-07:00,0,0
global.js,13,js,5d28d9e6,nsam160,2025-04-15,09:25:18,-07:00,2025-04-15T09:25:18-07:00,0,0
global.js,14,js,5d28d9e6,nsam160,2025-04-15,09:25:18,-07:00,2025-04-15T09:25:18-07:00,0,26
global.js,15,js,5d28d9e6,nsam160,2025-04-15,09:25:18,-07:00,2025-04-15T09:25:18-07:00,0,31
global.js,16,js,5d28d9e6,nsam160,2025-04-15,09:25:18,-07:00,2025-04-15T09:25:18-07:00,0,71
global.js,17,js,5d28d9e6,nsam160,2025-04-15,09:25:18,-07:00,2025-04-15T09:25:18-07:00,0,1
global.js,18,js,5d28d9e6,nsam160,2025-04-15,09:25:18,-07:00,2025-04-15T09:25:18-07:00,0,17
global.js,19,js,5d28d9e6,nsam160,2025-04-15,09:25:18,-07:00,2025-04-15T09:25:18-07:00,0,39
global.js,20,js,5d28d9e6,nsam160,2025-04-15,09:25:18,-07:00,2025-04-15T09:25:18-07:00,0,40
global.js,21,js,5d28d9e6,nsam160,2025-04-15,09:25:18,-07:00,2025-04-15T09:25:18-07:00,0,0
global.js,22,js,5d28d9e6,nsam160,2025-04-15,09:25:18,-07:00,2025-04-15T09:25:18-07:00,0,0
global.js,23,js,5d28d9e6,nsam160,2025-04-15,09:25:18,-07:00,2025-04-15T09:25:18-07:00,0,60
global.js,24,js,5d28d9e6,nsam160,2025-04-15,09:25:18,-07:00,2025-04-15T09:25:18-07:00,1,29
global.js,25,js,5d28d9e6,nsam160,2025-04-15,09:25:18,-07:00,2025-04-15T09:25:18-07:00,2,9
global.js,26,js,5d28d9e6,nsam160,2025-04-15,09:25:18,-07:00,2025-04-15T09:25:18-07:00,2,0
global.js,27,js,5d28d9e6,nsam160,2025-04-15,09:25:18,-07:00,2025-04-15T09:25:18-07:00,3,24
global.js,28,js,5d28d9e6,nsam160,2025-04-15,09:25:18,-07:00,2025-04-15T09:25:18-07:00,4,2
global.js,29,js,5d28d9e6,nsam160,2025-04-15,09:25:18,-07:00,2025-04-15T09:25:18-07:00,4,29
global.js,30,js,5d28d9e6,nsam160,2025-04-15,09:25:18,-07:00,2025-04-15T09:25:18-07:00,5,36
global.js,31,js,5d28d9e6,nsam160,2025-04-15,09:25:18,-07:00,2025-04-15T09:25:18-07:00,5,48
global.js,32,js,5d28d9e6,nsam160,2025-04-15,09:25:18,-07:00,2025-04-15T09:25:18-07:00,5,32
global.js,33,js,5d28d9e6,nsam160,2025-04-15,09:25:18,-07:00,2025-04-15T09:25:18-07:00,5,30
global.js,34,js,5d28d9e6,nsam160,2025-04-15,09:25:18,-07:00,2025-04-15T09:25:18-07:00,4,5
global.js,35,js,5d28d9e6,nsam160,2025-04-15,09:25:18,-07:00,2025-04-15T09:25:18-07:00,3,6
global.js,36,js,5d28d9e6,nsam160,2025-04-15,09:25:18,-07:00,2025-04-15T09:25:18-07:00,1,0
global.js,37,js,5d28d9e6,nsam160,2025-04-15,09:25:18,-07:00,2025-04-15T09:25:18-07:00,0,0
global.js,38,js,5d28d9e6,nsam160,2025-04-15,09:25:18,-07:00,2025-04-15T09:25:18-07:00,0,2
global.js,39,js,5d28d9e6,nsam160,2025-04-15,09:25:18,-07:00,2025-04-15T09:25:18-07:00,1,29
global.js,40,js,5d28d9e6,nsam160,2025-04-15,09:25:18,-07:00,2025-04-15T09:25:18-07:00,2,9
global.js,41,js,5d28d9e6,nsam160,2025-04-15,09:25:18,-07:00,2025-04-15T09:25:18-07:00,2,0
global.js,42,js,5d28d9e6,nsam160,2025-04-15,09:25:18,-07:00,2025-04-15T09:25:18-07:00,3,24
global.js,43,js,5d28d9e6,nsam160,2025-04-15,09:25:18,-07:00,2025-04-15T09:25:18-07:00,4,2
global.js,44,js,5d28d9e6,nsam160,2025-04-15,09:25:18,-07:00,2025-04-15T09:25:18-07:00,4,29
global.js,45,js,5d28d9e6,nsam160,2025-04-15,09:25:18,-07:00,2025-04-15T09:25:18-07:00,5,36
global.js,46,js,5d28d9e6,nsam160,2025-04-15,09:25:18,-07:00,2025-04-15T09:25:18-07:00,5,49
global.js,47,js,5d28d9e6,nsam160,2025-04-15,09:25:18,-07:00,2025-04-15T09:25:18-07:00,5,32
global.js,48,js,5d28d9e6,nsam160,2025-04-15,09:25:18,-07:00,2025-04-15T09:25:18-07:00,5,30
global.js,49,js,5d28d9e6,nsam160,2025-04-15,09:25:18,-07:00,2025-04-15T09:25:18-07:00,4,5
global.js,50,js,5d28d9e6,nsam160,2025-04-15,09:25:18,-07:00,2025-04-15T09:25:18-07:00,3,6
global.js,51,js,5d28d9e6,nsam160,2025-04-15,09:25:18,-07:00,2025-04-15T09:25:18-07:00,1,0
global.js,52,js,5d28d9e6,nsam160,2025-04-15,09:25:18,-07:00,2025-04-15T09:25:18-07:00,0,0
global.js,53,js,5d28d9e6,nsam160,2025-04-15,09:25:18,-07:00,2025-04-15T09:25:18-07:00,0,0
global.js,54,js,5d28d9e6,nsam160,2025-04-15,09:25:18,-07:00,2025-04-15T09:25:18-07:00,0,51
global.js,55,js,5d28d9e6,nsam160,2025-04-15,09:25:18,-07:00,2025-04-15T09:25:18-07:00,0,47
global.js,56,js,5d28d9e6,nsam160,2025-04-15,09:25:18,-07:00,2025-04-15T09:25:18-07:00,1,55
global.js,57,js,5d28d9e6,nsam160,2025-04-15,09:25:18,-07:00,2025-04-15T09:25:18-07:00,1,75
global.js,58,js,5d28d9e6,nsam160,2025-04-15,09:25:18,-07:00,2025-04-15T09:25:18-07:00,1,41
global.js,59,js,5d28d9e6,nsam160,2025-04-15,09:25:18,-07:00,2025-04-15T09:25:18-07:00,0,0
global.js,60,js,5d28d9e6,nsam160,2025-04-15,09:25:18,-07:00,2025-04-15T09:25:18-07:00,0,0
global.js,61,js,5d28d9e6,nsam160,2025-04-15,09:25:18,-07:00,2025-04-15T09:25:18-07:00,0,9
global.js,62,js,37d4af46,nsam160,2025-04-15,11:16:56,-07:00,2025-04-15T11:16:56-07:00,1,23
global.js,63,js,37d4af46,nsam160,2025-04-15,11:16:56,-07:00,2025-04-15T11:16:56-07:00,1,36
global.js,64,js,5d28d9e6,nsam160,2025-04-15,09:25:18,-07:00,2025-04-15T09:25:18-07:00,1,30
global.js,65,js,37d4af46,nsam160,2025-04-15,11:16:56,-07:00,2025-04-15T11:16:56-07:00,1,34
global.js,66,js,37d4af46,nsam160,2025-04-15,11:16:56,-07:00,2025-04-15T11:16:56-07:00,1,32
global.js,67,js,ffc10751,nsam160,2025-05-02,22:17:39,-07:00,2025-05-02T22:17:39-07:00,1,27
global.js,68,js,5d28d9e6,nsam160,2025-04-15,09:25:18,-07:00,2025-04-15T09:25:18-07:00,1,52
global.js,69,js,5d28d9e6,nsam160,2025-04-15,09:25:18,-07:00,2025-04-15T09:25:18-07:00,0,0
global.js,70,js,5d28d9e6,nsam160,2025-04-15,09:25:18,-07:00,2025-04-15T09:25:18-07:00,0,0
global.js,71,js,5d28d9e6,nsam160,2025-04-15,09:25:18,-07:00,2025-04-15T09:25:18-07:00,0,36
global.js,72,js,5d28d9e6,nsam160,2025-04-15,09:25:18,-07:00,2025-04-15T09:25:18-07:00,0,23
global.js,73,js,5d28d9e6,nsam160,2025-04-15,09:25:18,-07:00,2025-04-15T09:25:18-07:00,0,0
global.js,74,js,5d28d9e6,nsam160,2025-04-15,09:25:18,-07:00,2025-04-15T09:25:18-07:00,0,18
global.js,75,js,5d28d9e6,nsam160,2025-04-15,09:25:18,-07:00,2025-04-15T09:25:18-07:00,1,12
global.js,76,js,5d28d9e6,nsam160,2025-04-15,09:25:18,-07:00,2025-04-15T09:25:18-07:00,1,16
global.js,77,js,5d28d9e6,nsam160,2025-04-15,09:25:18,-07:00,2025-04-15T09:25:18-07:00,0,0
global.js,78,js,5d28d9e6,nsam160,2025-04-15,09:25:18,-07:00,2025-04-15T09:25:18-07:00,1,39
global.js,79,js,5d28d9e6,nsam160,2025-04-15,09:25:18,-07:00,2025-04-15T09:25:18-07:00,1,86
global.js,80,js,5d28d9e6,nsam160,2025-04-15,09:25:18,-07:00,2025-04-15T09:25:18-07:00,2,34
global.js,81,js,4a30307a,nsam160,2025-04-15,11:09:30,-07:00,2025-04-15T11:09:30-07:00,2,46
global.js,82,js,5d28d9e6,nsam160,2025-04-15,09:25:18,-07:00,2025-04-15T09:25:18-07:00,1,26
global.js,83,js,5d28d9e6,nsam160,2025-04-15,09:25:18,-07:00,2025-04-15T09:25:18-07:00,2,18
global.js,84,js,5d28d9e6,nsam160,2025-04-15,09:25:18,-07:00,2025-04-15T09:25:18-07:00,1,0
global.js,85,js,5d28d9e6,nsam160,2025-04-15,09:25:18,-07:00,2025-04-15T09:25:18-07:00,1,32
global.js,86,js,5d28d9e6,nsam160,2025-04-15,09:25:18,-07:00,2025-04-15T09:25:18-07:00,1,9
global.js,87,js,5d28d9e6,nsam160,2025-04-15,09:25:18,-07:00,2025-04-15T09:25:18-07:00,1,18
global.js,88,js,5d28d9e6,nsam160,2025-04-15,09:25:18,-07:00,2025-04-15T09:25:18-07:00,1,10
global.js,89,js,5d28d9e6,nsam160,2025-04-15,09:25:18,-07:00,2025-04-15T09:25:18-07:00,0,0
global.js,90,js,5d28d9e6,nsam160,2025-04-15,09:25:18,-07:00,2025-04-15T09:25:18-07:00,1,63
global.js,91,js,5d28d9e6,nsam160,2025-04-15,09:25:18,-07:00,2025-04-15T09:25:18-07:00,2,23
global.js,92,js,5d28d9e6,nsam160,2025-04-15,09:25:18,-07:00,2025-04-15T09:25:18-07:00,1,0
global.js,93,js,5d28d9e6,nsam160,2025-04-15,09:25:18,-07:00,2025-04-15T09:25:18-07:00,1,0
global.js,94,js,5d28d9e6,nsam160,2025-04-15,09:25:18,-07:00,2025-04-15T09:25:18-07:00,1,26
global.js,95,js,5d28d9e6,nsam160,2025-04-15,09:25:18,-07:00,2025-04-15T09:25:18-07:00,2,30
global.js,96,js,5d28d9e6,nsam160,2025-04-15,09:25:18,-07:00,2025-04-15T09:25:18-07:00,1,0
global.js,97,js,5d28d9e6,nsam160,2025-04-15,09:25:18,-07:00,2025-04-15T09:25:18-07:00,0,0
global.js,98,js,5d28d9e6,nsam160,2025-04-15,09:25:18,-07:00,2025-04-15T09:25:18-07:00,0,0
global.js,99,js,5d28d9e6,nsam160,2025-04-15,09:25:18,-07:00,2025-04-15T09:25:18-07:00,0,42
global.js,100,js,5d28d9e6,nsam160,2025-04-15,09:25:18,-07:00,2025-04-15T09:25:18-07:00,0,0
global.js,101,js,5d28d9e6,nsam160,2025-04-15,09:25:18,-07:00,2025-04-15T09:25:18-07:00,0,47
global.js,102,js,5d28d9e6,nsam160,2025-04-15,09:25:18,-07:00,2025-04-15T09:25:18-07:00,1,19
global.js,103,js,5d28d9e6,nsam160,2025-04-15,09:25:18,-07:00,2025-04-15T09:25:18-07:00,0,0
global.js,104,js,5d28d9e6,nsam160,2025-04-15,09:25:18,-07:00,2025-04-15T09:25:18-07:00,1,28
global.js,105,js,5d28d9e6,nsam160,2025-04-15,09:25:18,-07:00,2025-04-15T09:25:18-07:00,1,14
global.js,106,js,5d28d9e6,nsam160,2025-04-15,09:25:18,-07:00,2025-04-15T09:25:18-07:00,0,0
global.js,107,js,5d28d9e6,nsam160,2025-04-15,09:25:18,-07:00,2025-04-15T09:25:18-07:00,1,29
global.js,108,js,5d28d9e6,nsam160,2025-04-15,09:25:18,-07:00,2025-04-15T09:25:18-07:00,2,43
global.js,109,js,5d28d9e6,nsam160,2025-04-15,09:25:18,-07:00,2025-04-15T09:25:18-07:00,2,35
global.js,110,js,5d28d9e6,nsam160,2025-04-15,09:25:18,-07:00,2025-04-15T09:25:18-07:00,1,0
global.js,111,js,5d28d9e6,nsam160,2025-04-15,09:25:18,-07:00,2025-04-15T09:25:18-07:00,1,33
global.js,112,js,5d28d9e6,nsam160,2025-04-15,09:25:18,-07:00,2025-04-15T09:25:18-07:00,1,40
global.js,113,js,5d28d9e6,nsam160,2025-04-15,09:25:18,-07:00,2025-04-15T09:25:18-07:00,0,0
global.js,114,js,5d28d9e6,nsam160,2025-04-15,09:25:18,-07:00,2025-04-15T09:25:18-07:00,1,16
global.js,115,js,93397887,nsam160,2025-04-24,16:29:05,-07:00,2025-04-24T16:29:05-07:00,0,0
global.js,116,js,93397887,nsam160,2025-04-24,16:29:05,-07:00,2025-04-24T16:29:05-07:00,0,0
global.js,117,js,93397887,nsam160,2025-04-24,16:29:05,-07:00,2025-04-24T16:29:05-07:00,0,34
global.js,118,js,93397887,nsam160,2025-04-24,16:29:05,-07:00,2025-04-24T16:29:05-07:00,1,1
global.js,119,js,93397887,nsam160,2025-04-24,16:29:05,-07:00,2025-04-24T16:29:05-07:00,2,37
global.js,120,js,93397887,nsam160,2025-04-24,16:29:05,-07:00,2025-04-24T16:29:05-07:00,2,30
global.js,121,js,93397887,nsam160,2025-04-24,16:29:05,-07:00,2025-04-24T16:29:05-07:00,2,17
global.js,122,js,93397887,nsam160,2025-04-24,16:29:05,-07:00,2025-04-24T16:29:05-07:00,2,15
global.js,123,js,93397887,nsam160,2025-04-24,16:29:05,-07:00,2025-04-24T16:29:05-07:00,3,64
global.js,124,js,93397887,nsam160,2025-04-24,16:29:05,-07:00,2025-04-24T16:29:05-07:00,2,0
global.js,125,js,93397887,nsam160,2025-04-24,16:29:05,-07:00,2025-04-24T16:29:05-07:00,2,31
global.js,126,js,93397887,nsam160,2025-04-24,16:29:05,-07:00,2025-04-24T16:29:05-07:00,2,8
global.js,127,js,93397887,nsam160,2025-04-24,16:29:05,-07:00,2025-04-24T16:29:05-07:00,1,13
global.js,128,js,93397887,nsam160,2025-04-24,16:29:05,-07:00,2025-04-24T16:29:05-07:00,2,57
global.js,129,js,93397887,nsam160,2025-04-24,16:29:05,-07:00,2025-04-24T16:29:05-07:00,1,0
global.js,130,js,93397887,nsam160,2025-04-24,16:29:05,-07:00,2025-04-24T16:29:05-07:00,0,0
global.js,131,js,93397887,nsam160,2025-04-24,16:29:05,-07:00,2025-04-24T16:29:05-07:00,0,0
global.js,132,js,93397887,nsam160,2025-04-24,16:29:05,-07:00,2025-04-24T16:29:05-07:00,0,76
global.js,133,js,93397887,nsam160,2025-04-24,16:29:05,-07:00,2025-04-24T16:29:05-07:00,1,21
global.js,134,js,93397887,nsam160,2025-04-24,16:29:05,-07:00,2025-04-24T16:29:05-07:00,1,45
global.js,135,js,93397887,nsam160,2025-04-24,16:29:05,-07:00,2025-04-24T16:29:05-07:00,2,48
global.js,136,js,93397887,nsam160,2025-04-24,16:29:05,-07:00,2025-04-24T16:29:05-07:00,2,3
global.js,137,js,93397887,nsam160,2025-04-24,16:29:05,-07:00,2025-04-24T16:29:05-07:00,1,0
global.js,138,js,93397887,nsam160,2025-04-24,16:29:05,-07:00,2025-04-24T16:29:05-07:00,0,0
global.js,139,js,93397887,nsam160,2025-04-24,16:29:05,-07:00,2025-04-24T16:29:05-07:00,1,55
global.js,140,js,93397887,nsam160,2025-04-24,16:29:05,-07:00,2025-04-24T16:29:05-07:00,1,40
global.js,141,js,93397887,nsam160,2025-04-24,16:29:05,-07:00,2025-04-24T16:29:05-07:00,2,71
global.js,142,js,93397887,nsam160,2025-04-24,16:29:05,-07:00,2025-04-24T16:29:05-07:00,2,16
global.js,143,js,93397887,nsam160,2025-04-24,16:29:05,-07:00,2025-04-24T16:29:05-07:00,1,0
global.js,144,js,93397887,nsam160,2025-04-24,16:29:05,-07:00,2025-04-24T16:29:05-07:00,0,0
global.js,145,js,93397887,nsam160,2025-04-24,16:29:05,-07:00,2025-04-24T16:29:05-07:00,1,28
global.js,146,js,93397887,nsam160,2025-04-24,16:29:05,-07:00,2025-04-24T16:29:05-07:00,0,0
global.js,147,js,fb07afe5,nsam160,2025-04-24,17:35:20,-07:00,2025-04-24T17:35:20-07:00,1,60
global.js,148,js,c2f27806,nsam160,2025-04-24,17:39:33,-07:00,2025-04-24T17:39:33-07:00,1,25
global.js,149,js,fb07afe5,nsam160,2025-04-24,17:35:20,-07:00,2025-04-24T17:35:20-07:00,1,46
global.js,150,js,fb07afe5,nsam160,2025-04-24,17:35:20,-07:00,2025-04-24T17:35:20-07:00,0,0
global.js,151,js,93397887,nsam160,2025-04-24,16:29:05,-07:00,2025-04-24T16:29:05-07:00,1,21
global.js,152,js,93397887,nsam160,2025-04-24,16:29:05,-07:00,2025-04-24T16:29:05-07:00,2,46
global.js,153,js,93397887,nsam160,2025-04-24,16:29:05,-07:00,2025-04-24T16:29:05-07:00,2,40
global.js,154,js,fb07afe5,nsam160,2025-04-24,17:35:20,-07:00,2025-04-24T17:35:20-07:00,2,12
global.js,155,js,fb07afe5,nsam160,2025-04-24,17:35:20,-07:00,2025-04-24T17:35:20-07:00,2,77
global.js,156,js,fb07afe5,nsam160,2025-04-24,17:35:20,-07:00,2025-04-24T17:35:20-07:00,3,22
global.js,157,js,fb07afe5,nsam160,2025-04-24,17:35:20,-07:00,2025-04-24T17:35:20-07:00,2,0
global.js,158,js,fb07afe5,nsam160,2025-04-24,17:35:20,-07:00,2025-04-24T17:35:20-07:00,2,2
global.js,159,js,fb07afe5,nsam160,2025-04-24,17:35:20,-07:00,2025-04-24T17:35:20-07:00,3,53
global.js,160,js,fb07afe5,nsam160,2025-04-24,17:35:20,-07:00,2025-04-24T17:35:20-07:00,2,0
global.js,161,js,93397887,nsam160,2025-04-24,16:29:05,-07:00,2025-04-24T16:29:05-07:00,2,61
global.js,162,js,93397887,nsam160,2025-04-24,16:29:05,-07:00,2025-04-24T16:29:05-07:00,0,0
global.js,163,js,93397887,nsam160,2025-04-24,16:29:05,-07:00,2025-04-24T16:29:05-07:00,2,17
global.js,164,js,93397887,nsam160,2025-04-24,16:29:05,-07:00,2025-04-24T16:29:05-07:00,3,39
global.js,165,js,93397887,nsam160,2025-04-24,16:29:05,-07:00,2025-04-24T16:29:05-07:00,3,31
global.js,166,js,49651344,nsam160,2025-04-29,13:23:46,-07:00,2025-04-29T13:23:46-07:00,3,1
global.js,167,js,49651344,nsam160,2025-04-29,13:23:46,-07:00,2025-04-29T13:23:46-07:00,4,17
global.js,168,js,49651344,nsam160,2025-04-29,13:23:46,-07:00,2025-04-29T13:23:46-07:00,4,15
global.js,169,js,49651344,nsam160,2025-04-29,13:23:46,-07:00,2025-04-29T13:23:46-07:00,3,2
global.js,170,js,93397887,nsam160,2025-04-24,16:29:05,-07:00,2025-04-24T16:29:05-07:00,2,0
global.js,171,js,93397887,nsam160,2025-04-24,16:29:05,-07:00,2025-04-24T16:29:05-07:00,0,0
global.js,172,js,93397887,nsam160,2025-04-24,16:29:05,-07:00,2025-04-24T16:29:05-07:00,2,34
global.js,173,js,93397887,nsam160,2025-04-24,16:29:05,-07:00,2025-04-24T16:29:05-07:00,1,0
global.js,174,js,93397887,nsam160,2025-04-24,16:29:05,-07:00,2025-04-24T16:29:05-07:00,0,0
global.js,175,js,93397887,nsam160,2025-04-24,16:29:05,-07:00,2025-04-24T16:29:05-07:00,0,0
global.js,176,js,93397887,nsam160,2025-04-24,16:29:05,-07:00,2025-04-24T16:29:05-07:00,0,45
global.js,177,js,93397887,nsam160,2025-04-24,16:29:05,-07:00,2025-04-24T16:29:05-07:00,1,20
global.js,178,js,93397887,nsam160,2025-04-24,16:29:05,-07:00,2025-04-24T16:29:05-07:00,1,57
global.js,179,js,93397887,nsam160,2025-04-24,16:29:05,-07:00,2025-04-24T16:29:05-07:00,0,0
resume\index.html,1,html,19d3519c,nsam160,2025-04-02,13:41:42,-07:00,2025-04-02T13:41:42-07:00,0,11
resume\index.html,2,html,19d3519c,nsam160,2025-04-02,13:41:42,-07:00,2025-04-02T13:41:42-07:00,0,12
resume\index.html,3,html,19d3519c,nsam160,2025-04-02,13:41:42,-07:00,2025-04-02T13:41:42-07:00,0,2
resume\index.html,4,html,f231014b,nsam160,2025-04-07,12:23:30,-07:00,2025-04-07T12:23:30-07:00,1,43
resume\index.html,5,html,d4e5c314,nsam160,2025-04-07,14:18:31,-07:00,2025-04-07T14:18:31-07:00,1,65
resume\index.html,6,html,19d3519c,nsam160,2025-04-02,13:41:42,-07:00,2025-04-02T13:41:42-07:00,1,18
resume\index.html,7,html,19d3519c,nsam160,2025-04-02,13:41:42,-07:00,2025-04-02T13:41:42-07:00,1,66
resume\index.html,8,html,19d3519c,nsam160,2025-04-02,13:41:42,-07:00,2025-04-02T13:41:42-07:00,1,27
resume\index.html,9,html,19d3519c,nsam160,2025-04-02,13:41:42,-07:00,2025-04-02T13:41:42-07:00,0,3
resume\index.html,10,html,19d3519c,nsam160,2025-04-02,13:41:42,-07:00,2025-04-02T13:41:42-07:00,0,2
resume\index.html,11,html,5d28d9e6,nsam160,2025-04-15,09:25:18,-07:00,2025-04-15T09:25:18-07:00,1,6
resume\index.html,12,html,f231014b,nsam160,2025-04-07,12:23:30,-07:00,2025-04-07T12:23:30-07:00,2,17
resume\index.html,13,html,19d3519c,nsam160,2025-04-02,13:41:42,-07:00,2025-04-02T13:41:42-07:00,3,39
resume\index.html,14,html,19d3519c,nsam160,2025-04-02,13:41:42,-07:00,2025-04-02T13:41:42-07:00,3,52
resume\index.html,15,html,19d3519c,nsam160,2025-04-02,13:41:42,-07:00,2025-04-02T13:41:42-07:00,3,50
resume\index.html,16,html,19d3519c,nsam160,2025-04-02,13:41:42,-07:00,2025-04-02T13:41:42-07:00,3,73
resume\index.html,17,html,5d28d9e6,nsam160,2025-04-15,09:25:18,-07:00,2025-04-15T09:25:18-07:00,3,38
resume\index.html,18,html,19d3519c,nsam160,2025-04-02,13:41:42,-07:00,2025-04-02T13:41:42-07:00,2,1
resume\index.html,19,html,5d28d9e6,nsam160,2025-04-15,09:25:18,-07:00,2025-04-15T09:25:18-07:00,1,6
resume\index.html,20,html,19d3519c,nsam160,2025-04-02,13:41:42,-07:00,2025-04-02T13:41:42-07:00,0,0
resume\index.html,21,html,f231014b,nsam160,2025-04-07,12:23:30,-07:00,2025-04-07T12:23:30-07:00,1,35
resume\index.html,22,html,f231014b,nsam160,2025-04-07,12:23:30,-07:00,2025-04-07T12:23:30-07:00,1,41
resume\index.html,23,html,19d3519c,nsam160,2025-04-02,13:41:42,-07:00,2025-04-02T13:41:42-07:00,1,5
resume\index.html,24,html,6ecfaca6,nsam160,2025-04-07,12:45:04,-07:00,2025-04-07T12:45:04-07:00,2,30
resume\index.html,25,html,19d3519c,nsam160,2025-04-02,13:41:42,-07:00,2025-04-02T13:41:42-07:00,2,0
resume\index.html,26,html,f231014b,nsam160,2025-04-07,12:23:30,-07:00,2025-04-07T12:23:30-07:00,3,59
resume\index.html,27,html,f231014b,nsam160,2025-04-07,12:23:30,-07:00,2025-04-07T12:23:30-07:00,3,62
resume\index.html,28,html,19d3519c,nsam160,2025-04-02,13:41:42,-07:00,2025-04-02T13:41:42-07:00,3,52
resume\index.html,29,html,f231014b,nsam160,2025-04-07,12:23:30,-07:00,2025-04-07T12:23:30-07:00,3,78
resume\index.html,30,html,19d3519c,nsam160,2025-04-02,13:41:42,-07:00,2025-04-02T13:41:42-07:00,3,61
resume\index.html,31,html,19d3519c,nsam160,2025-04-02,13:41:42,-07:00,2025-04-02T13:41:42-07:00,3,11
resume\index.html,32,html,19d3519c,nsam160,2025-04-02,13:41:42,-07:00,2025-04-02T13:41:42-07:00,2,0
resume\index.html,33,html,19d3519c,nsam160,2025-04-02,13:41:42,-07:00,2025-04-02T13:41:42-07:00,1,6
resume\index.html,34,html,19d3519c,nsam160,2025-04-02,13:41:42,-07:00,2025-04-02T13:41:42-07:00,0,0
resume\index.html,35,html,f231014b,nsam160,2025-04-07,12:23:30,-07:00,2025-04-07T12:23:30-07:00,1,18
resume\index.html,36,html,f231014b,nsam160,2025-04-07,12:23:30,-07:00,2025-04-07T12:23:30-07:00,2,36
resume\index.html,37,html,f231014b,nsam160,2025-04-07,12:23:30,-07:00,2025-04-07T12:23:30-07:00,3,5
resume\index.html,38,html,6ecfaca6,nsam160,2025-04-07,12:45:04,-07:00,2025-04-07T12:45:04-07:00,4,38
resume\index.html,39,html,f231014b,nsam160,2025-04-07,12:23:30,-07:00,2025-04-07T12:23:30-07:00,4,0
resume\index.html,40,html,f231014b,nsam160,2025-04-07,12:23:30,-07:00,2025-04-07T12:23:30-07:00,5,35
resume\index.html,41,html,f231014b,nsam160,2025-04-07,12:23:30,-07:00,2025-04-07T12:23:30-07:00,5,35
resume\index.html,42,html,f231014b,nsam160,2025-04-07,12:23:30,-07:00,2025-04-07T12:23:30-07:00,5,39
resume\index.html,43,html,f231014b,nsam160,2025-04-07,12:23:30,-07:00,2025-04-07T12:23:30-07:00,4,1
resume\index.html,44,html,f231014b,nsam160,2025-04-07,12:23:30,-07:00,2025-04-07T12:23:30-07:00,3,6
resume\index.html,45,html,f231014b,nsam160,2025-04-07,12:23:30,-07:00,2025-04-07T12:23:30-07:00,0,0
resume\index.html,46,html,f231014b,nsam160,2025-04-07,12:23:30,-07:00,2025-04-07T12:23:30-07:00,3,5
resume\index.html,47,html,6ecfaca6,nsam160,2025-04-07,12:45:04,-07:00,2025-04-07T12:45:04-07:00,4,32
resume\index.html,48,html,f231014b,nsam160,2025-04-07,12:23:30,-07:00,2025-04-07T12:23:30-07:00,0,0
resume\index.html,49,html,f231014b,nsam160,2025-04-07,12:23:30,-07:00,2025-04-07T12:23:30-07:00,4,5
resume\index.html,50,html,f231014b,nsam160,2025-04-07,12:23:30,-07:00,2025-04-07T12:23:30-07:00,5,55
resume\index.html,51,html,f231014b,nsam160,2025-04-07,12:23:30,-07:00,2025-04-07T12:23:30-07:00,5,36
resume\index.html,52,html,f231014b,nsam160,2025-04-07,12:23:30,-07:00,2025-04-07T12:23:30-07:00,5,75
resume\index.html,53,html,f231014b,nsam160,2025-04-07,12:23:30,-07:00,2025-04-07T12:23:30-07:00,4,6
resume\index.html,54,html,f231014b,nsam160,2025-04-07,12:23:30,-07:00,2025-04-07T12:23:30-07:00,0,0
resume\index.html,55,html,f231014b,nsam160,2025-04-07,12:23:30,-07:00,2025-04-07T12:23:30-07:00,4,27
resume\index.html,56,html,f231014b,nsam160,2025-04-07,12:23:30,-07:00,2025-04-07T12:23:30-07:00,5,59
resume\index.html,57,html,f231014b,nsam160,2025-04-07,12:23:30,-07:00,2025-04-07T12:23:30-07:00,5,21
resume\index.html,58,html,f231014b,nsam160,2025-04-07,12:23:30,-07:00,2025-04-07T12:23:30-07:00,5,79
resume\index.html,59,html,f231014b,nsam160,2025-04-07,12:23:30,-07:00,2025-04-07T12:23:30-07:00,4,6
resume\index.html,60,html,f231014b,nsam160,2025-04-07,12:23:30,-07:00,2025-04-07T12:23:30-07:00,3,6
resume\index.html,61,html,f231014b,nsam160,2025-04-07,12:23:30,-07:00,2025-04-07T12:23:30-07:00,2,2
resume\index.html,62,html,f231014b,nsam160,2025-04-07,12:23:30,-07:00,2025-04-07T12:23:30-07:00,0,0
resume\index.html,63,html,f231014b,nsam160,2025-04-07,12:23:30,-07:00,2025-04-07T12:23:30-07:00,2,17
resume\index.html,64,html,f231014b,nsam160,2025-04-07,12:23:30,-07:00,2025-04-07T12:23:30-07:00,3,5
resume\index.html,65,html,6ecfaca6,nsam160,2025-04-07,12:45:04,-07:00,2025-04-07T12:45:04-07:00,4,29
resume\index.html,66,html,f231014b,nsam160,2025-04-07,12:23:30,-07:00,2025-04-07T12:23:30-07:00,4,0
resume\index.html,67,html,f231014b,nsam160,2025-04-07,12:23:30,-07:00,2025-04-07T12:23:30-07:00,5,17
resume\index.html,68,html,f231014b,nsam160,2025-04-07,12:23:30,-07:00,2025-04-07T12:23:30-07:00,5,19
resume\index.html,69,html,f231014b,nsam160,2025-04-07,12:23:30,-07:00,2025-04-07T12:23:30-07:00,5,22
resume\index.html,70,html,f231014b,nsam160,2025-04-07,12:23:30,-07:00,2025-04-07T12:23:30-07:00,5,21
resume\index.html,71,html,f231014b,nsam160,2025-04-07,12:23:30,-07:00,2025-04-07T12:23:30-07:00,5,20
resume\index.html,72,html,f231014b,nsam160,2025-04-07,12:23:30,-07:00,2025-04-07T12:23:30-07:00,5,31
resume\index.html,73,html,f231014b,nsam160,2025-04-07,12:23:30,-07:00,2025-04-07T12:23:30-07:00,5,26
resume\index.html,74,html,f231014b,nsam160,2025-04-07,12:23:30,-07:00,2025-04-07T12:23:30-07:00,5,20
resume\index.html,75,html,f231014b,nsam160,2025-04-07,12:23:30,-07:00,2025-04-07T12:23:30-07:00,4,1
resume\index.html,76,html,f231014b,nsam160,2025-04-07,12:23:30,-07:00,2025-04-07T12:23:30-07:00,3,6
resume\index.html,77,html,f231014b,nsam160,2025-04-07,12:23:30,-07:00,2025-04-07T12:23:30-07:00,2,2
resume\index.html,78,html,f231014b,nsam160,2025-04-07,12:23:30,-07:00,2025-04-07T12:23:30-07:00,1,2
resume\index.html,79,html,19d3519c,nsam160,2025-04-02,13:41:42,-07:00,2025-04-02T13:41:42-07:00,0,0
resume\index.html,80,html,19d3519c,nsam160,2025-04-02,13:41:42,-07:00,2025-04-02T13:41:42-07:00,1,5
resume\index.html,81,html,6ecfaca6,nsam160,2025-04-07,12:45:04,-07:00,2025-04-07T12:45:04-07:00,2,38
resume\index.html,82,html,19d3519c,nsam160,2025-04-02,13:41:42,-07:00,2025-04-02T13:41:42-07:00,0,0
resume\index.html,83,html,19d3519c,nsam160,2025-04-02,13:41:42,-07:00,2025-04-02T13:41:42-07:00,2,5
resume\index.html,84,html,19d3519c,nsam160,2025-04-02,13:41:42,-07:00,2025-04-02T13:41:42-07:00,3,40
resume\index.html,85,html,f231014b,nsam160,2025-04-07,12:23:30,-07:00,2025-04-07T12:23:30-07:00,3,21
resume\index.html,86,html,f231014b,nsam160,2025-04-07,12:23:30,-07:00,2025-04-07T12:23:30-07:00,3,79
resume\index.html,87,html,f231014b,nsam160,2025-04-07,12:23:30,-07:00,2025-04-07T12:23:30-07:00,3,58
resume\index.html,88,html,f231014b,nsam160,2025-04-07,12:23:30,-07:00,2025-04-07T12:23:30-07:00,3,41
resume\index.html,89,html,19d3519c,nsam160,2025-04-02,13:41:42,-07:00,2025-04-02T13:41:42-07:00,2,6
resume\index.html,90,html,19d3519c,nsam160,2025-04-02,13:41:42,-07:00,2025-04-02T13:41:42-07:00,0,0
resume\index.html,91,html,f231014b,nsam160,2025-04-07,12:23:30,-07:00,2025-04-07T12:23:30-07:00,2,27
resume\index.html,92,html,19d3519c,nsam160,2025-04-02,13:41:42,-07:00,2025-04-02T13:41:42-07:00,3,35
resume\index.html,93,html,f231014b,nsam160,2025-04-07,12:23:30,-07:00,2025-04-07T12:23:30-07:00,3,33
resume\index.html,94,html,19d3519c,nsam160,2025-04-02,13:41:42,-07:00,2025-04-02T13:41:42-07:00,3,79
resume\index.html,95,html,f231014b,nsam160,2025-04-07,12:23:30,-07:00,2025-04-07T12:23:30-07:00,3,62
resume\index.html,96,html,f231014b,nsam160,2025-04-07,12:23:30,-07:00,2025-04-07T12:23:30-07:00,3,28
resume\index.html,97,html,19d3519c,nsam160,2025-04-02,13:41:42,-07:00,2025-04-02T13:41:42-07:00,2,6
resume\index.html,98,html,19d3519c,nsam160,2025-04-02,13:41:42,-07:00,2025-04-02T13:41:42-07:00,1,6
resume\index.html,99,html,19d3519c,nsam160,2025-04-02,13:41:42,-07:00,2025-04-02T13:41:42-07:00,0,0
resume\index.html,100,html,19d3519c,nsam160,2025-04-02,13:41:42,-07:00,2025-04-02T13:41:42-07:00,1,5
resume\index.html,101,html,6ecfaca6,nsam160,2025-04-07,12:45:04,-07:00,2025-04-07T12:45:04-07:00,2,31
resume\index.html,102,html,19d3519c,nsam160,2025-04-02,13:41:42,-07:00,2025-04-02T13:41:42-07:00,0,0
resume\index.html,103,html,19d3519c,nsam160,2025-04-02,13:41:42,-07:00,2025-04-02T13:41:42-07:00,2,5
resume\index.html,104,html,6470e883,nsam160,2025-04-02,21:18:58,-07:00,2025-04-02T21:18:58-07:00,3,215
resume\index.html,105,html,f231014b,nsam160,2025-04-07,12:23:30,-07:00,2025-04-07T12:23:30-07:00,3,31
resume\index.html,106,html,19d3519c,nsam160,2025-04-02,13:41:42,-07:00,2025-04-02T13:41:42-07:00,3,0
resume\index.html,107,html,19d3519c,nsam160,2025-04-02,13:41:42,-07:00,2025-04-02T13:41:42-07:00,4,129
resume\index.html,108,html,19d3519c,nsam160,2025-04-02,13:41:42,-07:00,2025-04-02T13:41:42-07:00,4,169
resume\index.html,109,html,19d3519c,nsam160,2025-04-02,13:41:42,-07:00,2025-04-02T13:41:42-07:00,4,156
resume\index.html,110,html,19d3519c,nsam160,2025-04-02,13:41:42,-07:00,2025-04-02T13:41:42-07:00,3,1
resume\index.html,111,html,19d3519c,nsam160,2025-04-02,13:41:42,-07:00,2025-04-02T13:41:42-07:00,2,6
resume\index.html,112,html,19d3519c,nsam160,2025-04-02,13:41:42,-07:00,2025-04-02T13:41:42-07:00,0,0
resume\index.html,113,html,f231014b,nsam160,2025-04-07,12:23:30,-07:00,2025-04-07T12:23:30-07:00,2,27
resume\index.html,114,html,6470e883,nsam160,2025-04-02,21:18:58,-07:00,2025-04-02T21:18:58-07:00,3,158
resume\index.html,115,html,f231014b,nsam160,2025-04-07,12:23:30,-07:00,2025-04-07T12:23:30-07:00,3,7
resume\index.html,116,html,19d3519c,nsam160,2025-04-02,13:41:42,-07:00,2025-04-02T13:41:42-07:00,3,0
resume\index.html,117,html,19d3519c,nsam160,2025-04-02,13:41:42,-07:00,2025-04-02T13:41:42-07:00,4,148
resume\index.html,118,html,19d3519c,nsam160,2025-04-02,13:41:42,-07:00,2025-04-02T13:41:42-07:00,4,105
resume\index.html,119,html,19d3519c,nsam160,2025-04-02,13:41:42,-07:00,2025-04-02T13:41:42-07:00,4,120
resume\index.html,120,html,19d3519c,nsam160,2025-04-02,13:41:42,-07:00,2025-04-02T13:41:42-07:00,3,1
resume\index.html,121,html,19d3519c,nsam160,2025-04-02,13:41:42,-07:00,2025-04-02T13:41:42-07:00,2,6
resume\index.html,122,html,19d3519c,nsam160,2025-04-02,13:41:42,-07:00,2025-04-02T13:41:42-07:00,1,6
resume\index.html,123,html,19d3519c,nsam160,2025-04-02,13:41:42,-07:00,2025-04-02T13:41:42-07:00,0,0
resume\index.html,124,html,19d3519c,nsam160,2025-04-02,13:41:42,-07:00,2025-04-02T13:41:42-07:00,1,5
resume\index.html,125,html,6ecfaca6,nsam160,2025-04-07,12:45:04,-07:00,2025-04-07T12:45:04-07:00,2,32
resume\index.html,126,html,19d3519c,nsam160,2025-04-02,13:41:42,-07:00,2025-04-02T13:41:42-07:00,2,0
resume\index.html,127,html,f231014b,nsam160,2025-04-07,12:23:30,-07:00,2025-04-07T12:23:30-07:00,3,21
resume\index.html,128,html,f231014b,nsam160,2025-04-07,12:23:30,-07:00,2025-04-07T12:23:30-07:00,3,28
resume\index.html,129,html,19d3519c,nsam160,2025-04-02,13:41:42,-07:00,2025-04-02T13:41:42-07:00,3,23
resume\index.html,130,html,19d3519c,nsam160,2025-04-02,13:41:42,-07:00,2025-04-02T13:41:42-07:00,3,21
resume\index.html,131,html,19d3519c,nsam160,2025-04-02,13:41:42,-07:00,2025-04-02T13:41:42-07:00,2,1
resume\index.html,132,html,19d3519c,nsam160,2025-04-02,13:41:42,-07:00,2025-04-02T13:41:42-07:00,1,6
resume\index.html,133,html,19d3519c,nsam160,2025-04-02,13:41:42,-07:00,2025-04-02T13:41:42-07:00,0,0
resume\index.html,134,html,19d3519c,nsam160,2025-04-02,13:41:42,-07:00,2025-04-02T13:41:42-07:00,1,5
resume\index.html,135,html,6ecfaca6,nsam160,2025-04-07,12:45:04,-07:00,2025-04-07T12:45:04-07:00,2,30
resume\index.html,136,html,19d3519c,nsam160,2025-04-02,13:41:42,-07:00,2025-04-02T13:41:42-07:00,2,0
resume\index.html,137,html,19d3519c,nsam160,2025-04-02,13:41:42,-07:00,2025-04-02T13:41:42-07:00,3,12
resume\index.html,138,html,19d3519c,nsam160,2025-04-02,13:41:42,-07:00,2025-04-02T13:41:42-07:00,3,12
resume\index.html,139,html,19d3519c,nsam160,2025-04-02,13:41:42,-07:00,2025-04-02T13:41:42-07:00,3,11
resume\index.html,140,html,19d3519c,nsam160,2025-04-02,13:41:42,-07:00,2025-04-02T13:41:42-07:00,2,1
resume\index.html,141,html,19d3519c,nsam160,2025-04-02,13:41:42,-07:00,2025-04-02T13:41:42-07:00,1,6
resume\index.html,142,html,5d28d9e6,nsam160,2025-04-15,09:25:18,-07:00,2025-04-15T09:25:18-07:00,0,0
resume\index.html,143,html,5d28d9e6,nsam160,2025-04-15,09:25:18,-07:00,2025-04-15T09:25:18-07:00,1,50
resume\index.html,144,html,19d3519c,nsam160,2025-04-02,13:41:42,-07:00,2025-04-02T13:41:42-07:00,0,3
resume\index.html,145,html,19d3519c,nsam160,2025-04-02,13:41:42,-07:00,2025-04-02T13:41:42-07:00,0,3
projects\projects.js,1,js,93397887,nsam160,2025-04-24,16:29:05,-07:00,2025-04-24T16:29:05-07:00,0,53
projects\projects.js,2,js,49651344,nsam160,2025-04-29,13:23:46,-07:00,2025-04-29T13:23:46-07:00,0,61
projects\projects.js,3,js,93397887,nsam160,2025-04-24,16:29:05,-07:00,2025-04-24T16:29:05-07:00,0,0
projects\projects.js,4,js,93397887,nsam160,2025-04-24,16:29:05,-07:00,2025-04-24T16:29:05-07:00,0,53
projects\projects.js,5,js,93397887,nsam160,2025-04-24,16:29:05,-07:00,2025-04-24T16:29:05-07:00,0,58
projects\projects.js,6,js,93397887,nsam160,2025-04-24,16:29:05,-07:00,2025-04-24T16:29:05-07:00,0,46
projects\projects.js,7,js,93397887,nsam160,2025-04-24,16:29:05,-07:00,2025-04-24T16:29:05-07:00,0,0
projects\projects.js,8,js,93397887,nsam160,2025-04-24,16:29:05,-07:00,2025-04-24T16:29:05-07:00,0,59
projects\projects.js,9,js,49651344,nsam160,2025-04-29,13:23:46,-07:00,2025-04-29T13:23:46-07:00,0,53
projects\projects.js,10,js,49651344,nsam160,2025-04-29,13:23:46,-07:00,2025-04-29T13:23:46-07:00,0,0
projects\projects.js,11,js,49651344,nsam160,2025-04-29,13:23:46,-07:00,2025-04-29T13:23:46-07:00,0,36
projects\projects.js,12,js,49651344,nsam160,2025-04-29,13:23:46,-07:00,2025-04-29T13:23:46-07:00,1,55
projects\projects.js,13,js,49651344,nsam160,2025-04-29,13:23:46,-07:00,2025-04-29T13:23:46-07:00,1,27
projects\projects.js,14,js,49651344,nsam160,2025-04-29,13:23:46,-07:00,2025-04-29T13:23:46-07:00,2,10
projects\projects.js,15,js,49651344,nsam160,2025-04-29,13:23:46,-07:00,2025-04-29T13:23:46-07:00,2,12
projects\projects.js,16,js,49651344,nsam160,2025-04-29,13:23:46,-07:00,2025-04-29T13:23:46-07:00,2,10
projects\projects.js,17,js,49651344,nsam160,2025-04-29,13:23:46,-07:00,2025-04-29T13:23:46-07:00,1,0
projects\projects.js,18,js,49651344,nsam160,2025-04-29,13:23:46,-07:00,2025-04-29T13:23:46-07:00,0,0
projects\projects.js,19,js,49651344,nsam160,2025-04-29,13:23:46,-07:00,2025-04-29T13:23:46-07:00,1,48
projects\projects.js,20,js,49651344,nsam160,2025-04-29,13:23:46,-07:00,2025-04-29T13:23:46-07:00,2,4
projects\projects.js,21,js,49651344,nsam160,2025-04-29,13:23:46,-07:00,2025-04-29T13:23:46-07:00,3,9
projects\projects.js,22,js,49651344,nsam160,2025-04-29,13:23:46,-07:00,2025-04-29T13:23:46-07:00,3,7
projects\projects.js,23,js,49651344,nsam160,2025-04-29,13:23:46,-07:00,2025-04-29T13:23:46-07:00,2,0
projects\projects.js,24,js,49651344,nsam160,2025-04-29,13:23:46,-07:00,2025-04-29T13:23:46-07:00,1,0
projects\projects.js,25,js,49651344,nsam160,2025-04-29,13:23:46,-07:00,2025-04-29T13:23:46-07:00,0,0
projects\projects.js,26,js,49651344,nsam160,2025-04-29,13:23:46,-07:00,2025-04-29T13:23:46-07:00,1,51
projects\projects.js,27,js,49651344,nsam160,2025-04-29,13:23:46,-07:00,2025-04-29T13:23:46-07:00,1,40
projects\projects.js,28,js,49651344,nsam160,2025-04-29,13:23:46,-07:00,2025-04-29T13:23:46-07:00,1,49
projects\projects.js,29,js,49651344,nsam160,2025-04-29,13:23:46,-07:00,2025-04-29T13:23:46-07:00,1,46
projects\projects.js,30,js,49651344,nsam160,2025-04-29,13:23:46,-07:00,2025-04-29T13:23:46-07:00,0,0
projects\projects.js,31,js,49651344,nsam160,2025-04-29,13:23:46,-07:00,2025-04-29T13:23:46-07:00,1,19
projects\projects.js,32,js,49651344,nsam160,2025-04-29,13:23:46,-07:00,2025-04-29T13:23:46-07:00,1,26
projects\projects.js,33,js,49651344,nsam160,2025-04-29,13:23:46,-07:00,2025-04-29T13:23:46-07:00,1,30
projects\projects.js,34,js,49651344,nsam160,2025-04-29,13:23:46,-07:00,2025-04-29T13:23:46-07:00,0,0
projects\projects.js,35,js,49651344,nsam160,2025-04-29,13:23:46,-07:00,2025-04-29T13:23:46-07:00,1,33
projects\projects.js,36,js,49651344,nsam160,2025-04-29,13:23:46,-07:00,2025-04-29T13:23:46-07:00,1,31
projects\projects.js,37,js,49651344,nsam160,2025-04-29,13:23:46,-07:00,2025-04-29T13:23:46-07:00,0,0
projects\projects.js,38,js,49651344,nsam160,2025-04-29,13:23:46,-07:00,2025-04-29T13:23:46-07:00,1,27
projects\projects.js,39,js,49651344,nsam160,2025-04-29,13:23:46,-07:00,2025-04-29T13:23:46-07:00,2,2
projects\projects.js,40,js,49651344,nsam160,2025-04-29,13:23:46,-07:00,2025-04-29T13:23:46-07:00,3,11
projects\projects.js,41,js,49651344,nsam160,2025-04-29,13:23:46,-07:00,2025-04-29T13:23:46-07:00,3,11
projects\projects.js,42,js,49651344,nsam160,2025-04-29,13:23:46,-07:00,2025-04-29T13:23:46-07:00,3,22
projects\projects.js,43,js,49651344,nsam160,2025-04-29,13:23:46,-07:00,2025-04-29T13:23:46-07:00,3,16
projects\projects.js,44,js,49651344,nsam160,2025-04-29,13:23:46,-07:00,2025-04-29T13:23:46-07:00,4,45
projects\projects.js,45,js,49651344,nsam160,2025-04-29,13:23:46,-07:00,2025-04-29T13:23:46-07:00,0,0
projects\projects.js,46,js,49651344,nsam160,2025-04-29,13:23:46,-07:00,2025-04-29T13:23:46-07:00,4,2
projects\projects.js,47,js,49651344,nsam160,2025-04-29,13:23:46,-07:00,2025-04-29T13:23:46-07:00,5,14
projects\projects.js,48,js,49651344,nsam160,2025-04-29,13:23:46,-07:00,2025-04-29T13:23:46-07:00,5,66
projects\projects.js,49,js,49651344,nsam160,2025-04-29,13:23:46,-07:00,2025-04-29T13:23:46-07:00,0,0
projects\projects.js,50,js,49651344,nsam160,2025-04-29,13:23:46,-07:00,2025-04-29T13:23:46-07:00,4,5
projects\projects.js,51,js,49651344,nsam160,2025-04-29,13:23:46,-07:00,2025-04-29T13:23:46-07:00,5,12
projects\projects.js,52,js,49651344,nsam160,2025-04-29,13:23:46,-07:00,2025-04-29T13:23:46-07:00,5,87
projects\projects.js,53,js,49651344,nsam160,2025-04-29,13:23:46,-07:00,2025-04-29T13:23:46-07:00,0,0
projects\projects.js,54,js,49651344,nsam160,2025-04-29,13:23:46,-07:00,2025-04-29T13:23:46-07:00,4,23
projects\projects.js,55,js,49651344,nsam160,2025-04-29,13:23:46,-07:00,2025-04-29T13:23:46-07:00,5,51
projects\projects.js,56,js,49651344,nsam160,2025-04-29,13:23:46,-07:00,2025-04-29T13:23:46-07:00,4,0
projects\projects.js,57,js,49651344,nsam160,2025-04-29,13:23:46,-07:00,2025-04-29T13:23:46-07:00,4,2
projects\projects.js,58,js,49651344,nsam160,2025-04-29,13:23:46,-07:00,2025-04-29T13:23:46-07:00,5,38
projects\projects.js,59,js,49651344,nsam160,2025-04-29,13:23:46,-07:00,2025-04-29T13:23:46-07:00,5,54
projects\projects.js,60,js,49651344,nsam160,2025-04-29,13:23:46,-07:00,2025-04-29T13:23:46-07:00,6,49
projects\projects.js,61,js,49651344,nsam160,2025-04-29,13:23:46,-07:00,2025-04-29T13:23:46-07:00,5,0
projects\projects.js,62,js,49651344,nsam160,2025-04-29,13:23:46,-07:00,2025-04-29T13:23:46-07:00,5,54
projects\projects.js,63,js,49651344,nsam160,2025-04-29,13:23:46,-07:00,2025-04-29T13:23:46-07:00,4,0
projects\projects.js,64,js,49651344,nsam160,2025-04-29,13:23:46,-07:00,2025-04-29T13:23:46-07:00,3,0
projects\projects.js,65,js,49651344,nsam160,2025-04-29,13:23:46,-07:00,2025-04-29T13:23:46-07:00,1,0
projects\projects.js,66,js,49651344,nsam160,2025-04-29,13:23:46,-07:00,2025-04-29T13:23:46-07:00,0,0
projects\projects.js,67,js,49651344,nsam160,2025-04-29,13:23:46,-07:00,2025-04-29T13:23:46-07:00,1,25
projects\projects.js,68,js,49651344,nsam160,2025-04-29,13:23:46,-07:00,2025-04-29T13:23:46-07:00,2,5
projects\projects.js,69,js,49651344,nsam160,2025-04-29,13:23:46,-07:00,2025-04-29T13:23:46-07:00,3,9
projects\projects.js,70,js,49651344,nsam160,2025-04-29,13:23:46,-07:00,2025-04-29T13:23:46-07:00,3,36
projects\projects.js,71,js,49651344,nsam160,2025-04-29,13:23:46,-07:00,2025-04-29T13:23:46-07:00,3,74
projects\projects.js,72,js,49651344,nsam160,2025-04-29,13:23:46,-07:00,2025-04-29T13:23:46-07:00,3,67
projects\projects.js,73,js,49651344,nsam160,2025-04-29,13:23:46,-07:00,2025-04-29T13:23:46-07:00,1,0
projects\projects.js,74,js,49651344,nsam160,2025-04-29,13:23:46,-07:00,2025-04-29T13:23:46-07:00,0,0
projects\projects.js,75,js,49651344,nsam160,2025-04-29,13:23:46,-07:00,2025-04-29T13:23:46-07:00,0,0
projects\projects.js,76,js,49651344,nsam160,2025-04-29,13:23:46,-07:00,2025-04-29T13:23:46-07:00,0,21
projects\projects.js,77,js,49651344,nsam160,2025-04-29,13:23:46,-07:00,2025-04-29T13:23:46-07:00,0,0
projects\projects.js,78,js,49651344,nsam160,2025-04-29,13:23:46,-07:00,2025-04-29T13:23:46-07:00,0,11
projects\projects.js,79,js,49651344,nsam160,2025-04-29,13:23:46,-07:00,2025-04-29T13:23:46-07:00,0,51
projects\projects.js,80,js,49651344,nsam160,2025-04-29,13:23:46,-07:00,2025-04-29T13:23:46-07:00,0,46
projects\projects.js,81,js,49651344,nsam160,2025-04-29,13:23:46,-07:00,2025-04-29T13:23:46-07:00,1,17
projects\projects.js,82,js,49651344,nsam160,2025-04-29,13:23:46,-07:00,2025-04-29T13:23:46-07:00,1,23
projects\projects.js,83,js,49651344,nsam160,2025-04-29,13:23:46,-07:00,2025-04-29T13:23:46-07:00,1,14
projects\projects.js,84,js,49651344,nsam160,2025-04-29,13:23:46,-07:00,2025-04-29T13:23:46-07:00,1,49
projects\projects.js,85,js,49651344,nsam160,2025-04-29,13:23:46,-07:00,2025-04-29T13:23:46-07:00,2,57
projects\projects.js,86,js,49651344,nsam160,2025-04-29,13:23:46,-07:00,2025-04-29T13:23:46-07:00,2,40
projects\projects.js,87,js,49651344,nsam160,2025-04-29,13:23:46,-07:00,2025-04-29T13:23:46-07:00,1,0
projects\projects.js,88,js,49651344,nsam160,2025-04-29,13:23:46,-07:00,2025-04-29T13:23:46-07:00,1,23
projects\projects.js,89,js,49651344,nsam160,2025-04-29,13:23:46,-07:00,2025-04-29T13:23:46-07:00,1,54
projects\projects.js,90,js,49651344,nsam160,2025-04-29,13:23:46,-07:00,2025-04-29T13:23:46-07:00,1,29
projects\projects.js,91,js,49651344,nsam160,2025-04-29,13:23:46,-07:00,2025-04-29T13:23:46-07:00,0,0
projects\index.html,1,html,40653057,nsam160,2025-04-01,18:15:45,-07:00,2025-04-01T18:15:45-07:00,0,11
projects\index.html,2,html,40653057,nsam160,2025-04-01,18:15:45,-07:00,2025-04-01T18:15:45-07:00,0,12
projects\index.html,3,html,40653057,nsam160,2025-04-01,18:15:45,-07:00,2025-04-01T18:15:45-07:00,0,2
projects\index.html,4,html,f231014b,nsam160,2025-04-07,12:23:30,-07:00,2025-04-07T12:23:30-07:00,1,43
projects\index.html,5,html,d4e5c314,nsam160,2025-04-07,14:18:31,-07:00,2025-04-07T14:18:31-07:00,1,65
projects\index.html,6,html,40653057,nsam160,2025-04-01,18:15:45,-07:00,2025-04-01T18:15:45-07:00,1,18
projects\index.html,7,html,40653057,nsam160,2025-04-01,18:15:45,-07:00,2025-04-01T18:15:45-07:00,1,66
projects\index.html,8,html,40653057,nsam160,2025-04-01,18:15:45,-07:00,2025-04-01T18:15:45-07:00,1,29
projects\index.html,9,html,40653057,nsam160,2025-04-01,18:15:45,-07:00,2025-04-01T18:15:45-07:00,0,3
projects\index.html,10,html,40653057,nsam160,2025-04-01,18:15:45,-07:00,2025-04-01T18:15:45-07:00,0,2
projects\index.html,11,html,5d28d9e6,nsam160,2025-04-15,09:25:18,-07:00,2025-04-15T09:25:18-07:00,1,6
projects\index.html,12,html,f231014b,nsam160,2025-04-07,12:23:30,-07:00,2025-04-07T12:23:30-07:00,2,17
projects\index.html,13,html,19d3519c,nsam160,2025-04-02,13:41:42,-07:00,2025-04-02T13:41:42-07:00,3,39
projects\index.html,14,html,5d28d9e6,nsam160,2025-04-15,09:25:18,-07:00,2025-04-15T09:25:18-07:00,3,40
projects\index.html,15,html,19d3519c,nsam160,2025-04-02,13:41:42,-07:00,2025-04-02T13:41:42-07:00,3,50
projects\index.html,16,html,19d3519c,nsam160,2025-04-02,13:41:42,-07:00,2025-04-02T13:41:42-07:00,3,73
projects\index.html,17,html,19d3519c,nsam160,2025-04-02,13:41:42,-07:00,2025-04-02T13:41:42-07:00,3,48
projects\index.html,18,html,19d3519c,nsam160,2025-04-02,13:41:42,-07:00,2025-04-02T13:41:42-07:00,2,1
projects\index.html,19,html,5d28d9e6,nsam160,2025-04-15,09:25:18,-07:00,2025-04-15T09:25:18-07:00,1,6
projects\index.html,20,html,f231014b,nsam160,2025-04-07,12:23:30,-07:00,2025-04-07T12:23:30-07:00,0,0
projects\index.html,21,html,93397887,nsam160,2025-04-24,16:29:05,-07:00,2025-04-24T16:29:05-07:00,1,38
projects\index.html,22,html,49651344,nsam160,2025-04-29,13:23:46,-07:00,2025-04-29T13:23:46-07:00,0,0
projects\index.html,23,html,49651344,nsam160,2025-04-29,13:23:46,-07:00,2025-04-29T13:23:46-07:00,1,21
projects\index.html,24,html,49651344,nsam160,2025-04-29,13:23:46,-07:00,2025-04-29T13:23:46-07:00,2,50
projects\index.html,25,html,49651344,nsam160,2025-04-29,13:23:46,-07:00,2025-04-29T13:23:46-07:00,3,75
projects\index.html,26,html,49651344,nsam160,2025-04-29,13:23:46,-07:00,2025-04-29T13:23:46-07:00,2,2
projects\index.html,27,html,49651344,nsam160,2025-04-29,13:23:46,-07:00,2025-04-29T13:23:46-07:00,2,22
projects\index.html,28,html,49651344,nsam160,2025-04-29,13:23:46,-07:00,2025-04-29T13:23:46-07:00,1,2
projects\index.html,29,html,49651344,nsam160,2025-04-29,13:23:46,-07:00,2025-04-29T13:23:46-07:00,0,0
projects\index.html,30,html,49651344,nsam160,2025-04-29,13:23:46,-07:00,2025-04-29T13:23:46-07:00,1,2
projects\index.html,31,html,49651344,nsam160,2025-04-29,13:23:46,-07:00,2025-04-29T13:23:46-07:00,2,13
projects\index.html,32,html,49651344,nsam160,2025-04-29,13:23:46,-07:00,2025-04-29T13:23:46-07:00,2,9
projects\index.html,33,html,49651344,nsam160,2025-04-29,13:23:46,-07:00,2025-04-29T13:23:46-07:00,2,24
projects\index.html,34,html,49651344,nsam160,2025-04-29,13:23:46,-07:00,2025-04-29T13:23:46-07:00,2,29
projects\index.html,35,html,49651344,nsam160,2025-04-29,13:23:46,-07:00,2025-04-29T13:23:46-07:00,1,0
projects\index.html,36,html,49651344,nsam160,2025-04-29,13:23:46,-07:00,2025-04-29T13:23:46-07:00,0,0
projects\index.html,37,html,f231014b,nsam160,2025-04-07,12:23:30,-07:00,2025-04-07T12:23:30-07:00,1,18
projects\index.html,38,html,93397887,nsam160,2025-04-24,16:29:05,-07:00,2025-04-24T16:29:05-07:00,2,14
projects\index.html,39,html,93397887,nsam160,2025-04-24,16:29:05,-07:00,2025-04-24T16:29:05-07:00,3,32
projects\index.html,40,html,f231014b,nsam160,2025-04-07,12:23:30,-07:00,2025-04-07T12:23:30-07:00,3,68
projects\index.html,41,html,93397887,nsam160,2025-04-24,16:29:05,-07:00,2025-04-24T16:29:05-07:00,3,240
projects\index.html,42,html,93397887,nsam160,2025-04-24,16:29:05,-07:00,2025-04-24T16:29:05-07:00,2,11
projects\index.html,43,html,93397887,nsam160,2025-04-24,16:29:05,-07:00,2025-04-24T16:29:05-07:00,2,9
projects\index.html,44,html,93397887,nsam160,2025-04-24,16:29:05,-07:00,2025-04-24T16:29:05-07:00,3,41
projects\index.html,45,html,f231014b,nsam160,2025-04-07,12:23:30,-07:00,2025-04-07T12:23:30-07:00,3,68
projects\index.html,46,html,93397887,nsam160,2025-04-24,16:29:05,-07:00,2025-04-24T16:29:05-07:00,3,217
projects\index.html,47,html,93397887,nsam160,2025-04-24,16:29:05,-07:00,2025-04-24T16:29:05-07:00,2,11
projects\index.html,48,html,93397887,nsam160,2025-04-24,16:29:05,-07:00,2025-04-24T16:29:05-07:00,2,9
projects\index.html,49,html,93397887,nsam160,2025-04-24,16:29:05,-07:00,2025-04-24T16:29:05-07:00,3,45
projects\index.html,50,html,f231014b,nsam160,2025-04-07,12:23:30,-07:00,2025-04-07T12:23:30-07:00,3,68
projects\index.html,51,html,93397887,nsam160,2025-04-24,16:29:05,-07:00,2025-04-24T16:29:05-07:00,3,236
projects\index.html,52,html,93397887,nsam160,2025-04-24,16:29:05,-07:00,2025-04-24T16:29:05-07:00,2,11
projects\index.html,53,html,93397887,nsam160,2025-04-24,16:29:05,-07:00,2025-04-24T16:29:05-07:00,2,9
projects\index.html,54,html,93397887,nsam160,2025-04-24,16:29:05,-07:00,2025-04-24T16:29:05-07:00,3,39
projects\index.html,55,html,f231014b,nsam160,2025-04-07,12:23:30,-07:00,2025-04-07T12:23:30-07:00,3,68
projects\index.html,56,html,93397887,nsam160,2025-04-24,16:29:05,-07:00,2025-04-24T16:29:05-07:00,3,243
projects\index.html,57,html,93397887,nsam160,2025-04-24,16:29:05,-07:00,2025-04-24T16:29:05-07:00,2,11
projects\index.html,58,html,93397887,nsam160,2025-04-24,16:29:05,-07:00,2025-04-24T16:29:05-07:00,2,9
projects\index.html,59,html,93397887,nsam160,2025-04-24,16:29:05,-07:00,2025-04-24T16:29:05-07:00,3,44
projects\index.html,60,html,f231014b,nsam160,2025-04-07,12:23:30,-07:00,2025-04-07T12:23:30-07:00,3,68
projects\index.html,61,html,93397887,nsam160,2025-04-24,16:29:05,-07:00,2025-04-24T16:29:05-07:00,3,213
projects\index.html,62,html,93397887,nsam160,2025-04-24,16:29:05,-07:00,2025-04-24T16:29:05-07:00,2,11
projects\index.html,63,html,93397887,nsam160,2025-04-24,16:29:05,-07:00,2025-04-24T16:29:05-07:00,2,9
projects\index.html,64,html,93397887,nsam160,2025-04-24,16:29:05,-07:00,2025-04-24T16:29:05-07:00,3,48
projects\index.html,65,html,f231014b,nsam160,2025-04-07,12:23:30,-07:00,2025-04-07T12:23:30-07:00,3,68
projects\index.html,66,html,93397887,nsam160,2025-04-24,16:29:05,-07:00,2025-04-24T16:29:05-07:00,3,252
projects\index.html,67,html,93397887,nsam160,2025-04-24,16:29:05,-07:00,2025-04-24T16:29:05-07:00,2,11
projects\index.html,68,html,93397887,nsam160,2025-04-24,16:29:05,-07:00,2025-04-24T16:29:05-07:00,2,9
projects\index.html,69,html,93397887,nsam160,2025-04-24,16:29:05,-07:00,2025-04-24T16:29:05-07:00,3,34
projects\index.html,70,html,f231014b,nsam160,2025-04-07,12:23:30,-07:00,2025-04-07T12:23:30-07:00,3,68
projects\index.html,71,html,93397887,nsam160,2025-04-24,16:29:05,-07:00,2025-04-24T16:29:05-07:00,3,257
projects\index.html,72,html,93397887,nsam160,2025-04-24,16:29:05,-07:00,2025-04-24T16:29:05-07:00,2,11
projects\index.html,73,html,93397887,nsam160,2025-04-24,16:29:05,-07:00,2025-04-24T16:29:05-07:00,2,9
projects\index.html,74,html,93397887,nsam160,2025-04-24,16:29:05,-07:00,2025-04-24T16:29:05-07:00,3,41
projects\index.html,75,html,f231014b,nsam160,2025-04-07,12:23:30,-07:00,2025-04-07T12:23:30-07:00,3,68
projects\index.html,76,html,93397887,nsam160,2025-04-24,16:29:05,-07:00,2025-04-24T16:29:05-07:00,3,256
projects\index.html,77,html,93397887,nsam160,2025-04-24,16:29:05,-07:00,2025-04-24T16:29:05-07:00,2,11
projects\index.html,78,html,93397887,nsam160,2025-04-24,16:29:05,-07:00,2025-04-24T16:29:05-07:00,2,9
projects\index.html,79,html,93397887,nsam160,2025-04-24,16:29:05,-07:00,2025-04-24T16:29:05-07:00,3,37
projects\index.html,80,html,f231014b,nsam160,2025-04-07,12:23:30,-07:00,2025-04-07T12:23:30-07:00,3,68
projects\index.html,81,html,93397887,nsam160,2025-04-24,16:29:05,-07:00,2025-04-24T16:29:05-07:00,3,215
projects\index.html,82,html,93397887,nsam160,2025-04-24,16:29:05,-07:00,2025-04-24T16:29:05-07:00,2,11
projects\index.html,83,html,93397887,nsam160,2025-04-24,16:29:05,-07:00,2025-04-24T16:29:05-07:00,2,9
projects\index.html,84,html,93397887,nsam160,2025-04-24,16:29:05,-07:00,2025-04-24T16:29:05-07:00,3,37
projects\index.html,85,html,f231014b,nsam160,2025-04-07,12:23:30,-07:00,2025-04-07T12:23:30-07:00,3,68
projects\index.html,86,html,93397887,nsam160,2025-04-24,16:29:05,-07:00,2025-04-24T16:29:05-07:00,3,234
projects\index.html,87,html,93397887,nsam160,2025-04-24,16:29:05,-07:00,2025-04-24T16:29:05-07:00,2,11
projects\index.html,88,html,93397887,nsam160,2025-04-24,16:29:05,-07:00,2025-04-24T16:29:05-07:00,2,9
projects\index.html,89,html,93397887,nsam160,2025-04-24,16:29:05,-07:00,2025-04-24T16:29:05-07:00,3,41
projects\index.html,90,html,f231014b,nsam160,2025-04-07,12:23:30,-07:00,2025-04-07T12:23:30-07:00,3,68
projects\index.html,91,html,93397887,nsam160,2025-04-24,16:29:05,-07:00,2025-04-24T16:29:05-07:00,3,246
projects\index.html,92,html,93397887,nsam160,2025-04-24,16:29:05,-07:00,2025-04-24T16:29:05-07:00,2,11
projects\index.html,93,html,93397887,nsam160,2025-04-24,16:29:05,-07:00,2025-04-24T16:29:05-07:00,2,9
projects\index.html,94,html,93397887,nsam160,2025-04-24,16:29:05,-07:00,2025-04-24T16:29:05-07:00,3,36
projects\index.html,95,html,f231014b,nsam160,2025-04-07,12:23:30,-07:00,2025-04-07T12:23:30-07:00,3,68
projects\index.html,96,html,93397887,nsam160,2025-04-24,16:29:05,-07:00,2025-04-24T16:29:05-07:00,3,254
projects\index.html,97,html,93397887,nsam160,2025-04-24,16:29:05,-07:00,2025-04-24T16:29:05-07:00,2,15
projects\index.html,98,html,f231014b,nsam160,2025-04-07,12:23:30,-07:00,2025-04-07T12:23:30-07:00,1,2
projects\index.html,99,html,5d28d9e6,nsam160,2025-04-15,09:25:18,-07:00,2025-04-15T09:25:18-07:00,0,0
projects\index.html,100,html,93397887,nsam160,2025-04-24,16:29:05,-07:00,2025-04-24T16:29:05-07:00,1,46
projects\index.html,101,html,93397887,nsam160,2025-04-24,16:29:05,-07:00,2025-04-24T16:29:05-07:00,1,45
projects\index.html,102,html,40653057,nsam160,2025-04-01,18:15:45,-07:00,2025-04-01T18:15:45-07:00,0,3
projects\index.html,103,html,40653057,nsam160,2025-04-01,18:15:45,-07:00,2025-04-01T18:15:45-07:00,0,3
meta\index.html,1,html,ffc10751,nsam160,2025-05-02,22:17:39,-07:00,2025-05-02T22:17:39-07:00,0,11
meta\index.html,2,html,ffc10751,nsam160,2025-05-02,22:17:39,-07:00,2025-05-02T22:17:39-07:00,0,12
meta\index.html,3,html,ffc10751,nsam160,2025-05-02,22:17:39,-07:00,2025-05-02T22:17:39-07:00,0,2
meta\index.html,4,html,ffc10751,nsam160,2025-05-02,22:17:39,-07:00,2025-05-02T22:17:39-07:00,1,43
meta\index.html,5,html,ffc10751,nsam160,2025-05-02,22:17:39,-07:00,2025-05-02T22:17:39-07:00,1,65
meta\index.html,6,html,ffc10751,nsam160,2025-05-02,22:17:39,-07:00,2025-05-02T22:17:39-07:00,1,18
meta\index.html,7,html,ffc10751,nsam160,2025-05-02,22:17:39,-07:00,2025-05-02T22:17:39-07:00,1,66
meta\index.html,8,html,ffc10751,nsam160,2025-05-02,22:17:39,-07:00,2025-05-02T22:17:39-07:00,1,25
meta\index.html,9,html,ffc10751,nsam160,2025-05-02,22:17:39,-07:00,2025-05-02T22:17:39-07:00,0,3
meta\index.html,10,html,ffc10751,nsam160,2025-05-02,22:17:39,-07:00,2025-05-02T22:17:39-07:00,0,2
meta\index.html,11,html,ffc10751,nsam160,2025-05-02,22:17:39,-07:00,2025-05-02T22:17:39-07:00,1,9
meta\index.html,12,html,ffc10751,nsam160,2025-05-02,22:17:39,-07:00,2025-05-02T22:17:39-07:00,1,59
meta\index.html,13,html,ffc10751,nsam160,2025-05-02,22:17:39,-07:00,2025-05-02T22:17:39-07:00,0,0
meta\index.html,14,html,ffc10751,nsam160,2025-05-02,22:17:39,-07:00,2025-05-02T22:17:39-07:00,1,50
meta\index.html,15,html,ffc10751,nsam160,2025-05-02,22:17:39,-07:00,2025-05-02T22:17:39-07:00,0,3
meta\index.html,16,html,ffc10751,nsam160,2025-05-02,22:17:39,-07:00,2025-05-02T22:17:39-07:00,0,3
contact\index.html,1,html,40653057,nsam160,2025-04-01,18:15:45,-07:00,2025-04-01T18:15:45-07:00,0,11
contact\index.html,2,html,40653057,nsam160,2025-04-01,18:15:45,-07:00,2025-04-01T18:15:45-07:00,0,12
contact\index.html,3,html,40653057,nsam160,2025-04-01,18:15:45,-07:00,2025-04-01T18:15:45-07:00,0,2
contact\index.html,4,html,f231014b,nsam160,2025-04-07,12:23:30,-07:00,2025-04-07T12:23:30-07:00,1,43
contact\index.html,5,html,d4e5c314,nsam160,2025-04-07,14:18:31,-07:00,2025-04-07T14:18:31-07:00,1,65
contact\index.html,6,html,40653057,nsam160,2025-04-01,18:15:45,-07:00,2025-04-01T18:15:45-07:00,1,18
contact\index.html,7,html,40653057,nsam160,2025-04-01,18:15:45,-07:00,2025-04-01T18:15:45-07:00,1,66
contact\index.html,8,html,40653057,nsam160,2025-04-01,18:15:45,-07:00,2025-04-01T18:15:45-07:00,1,28
contact\index.html,9,html,40653057,nsam160,2025-04-01,18:15:45,-07:00,2025-04-01T18:15:45-07:00,0,3
contact\index.html,10,html,40653057,nsam160,2025-04-01,18:15:45,-07:00,2025-04-01T18:15:45-07:00,0,2
contact\index.html,11,html,5d28d9e6,nsam160,2025-04-15,09:25:18,-07:00,2025-04-15T09:25:18-07:00,1,6
contact\index.html,12,html,f231014b,nsam160,2025-04-07,12:23:30,-07:00,2025-04-07T12:23:30-07:00,2,17
contact\index.html,13,html,19d3519c,nsam160,2025-04-02,13:41:42,-07:00,2025-04-02T13:41:42-07:00,3,39
contact\index.html,14,html,19d3519c,nsam160,2025-04-02,13:41:42,-07:00,2025-04-02T13:41:42-07:00,3,52
contact\index.html,15,html,5d28d9e6,nsam160,2025-04-15,09:25:18,-07:00,2025-04-15T09:25:18-07:00,3,39
contact\index.html,16,html,19d3519c,nsam160,2025-04-02,13:41:42,-07:00,2025-04-02T13:41:42-07:00,3,73
contact\index.html,17,html,19d3519c,nsam160,2025-04-02,13:41:42,-07:00,2025-04-02T13:41:42-07:00,3,48
contact\index.html,18,html,19d3519c,nsam160,2025-04-02,13:41:42,-07:00,2025-04-02T13:41:42-07:00,2,1
contact\index.html,19,html,5d28d9e6,nsam160,2025-04-15,09:25:18,-07:00,2025-04-15T09:25:18-07:00,1,6
contact\index.html,20,html,f231014b,nsam160,2025-04-07,12:23:30,-07:00,2025-04-07T12:23:30-07:00,0,0
contact\index.html,21,html,f231014b,nsam160,2025-04-07,12:23:30,-07:00,2025-04-07T12:23:30-07:00,1,12
contact\index.html,22,html,5d28d9e6,nsam160,2025-04-15,09:25:18,-07:00,2025-04-15T09:25:18-07:00,1,66
contact\index.html,23,html,5d28d9e6,nsam160,2025-04-15,09:25:18,-07:00,2025-04-15T09:25:18-07:00,2,0
contact\index.html,24,html,40653057,nsam160,2025-04-01,18:15:45,-07:00,2025-04-01T18:15:45-07:00,0,0
contact\index.html,25,html,40653057,nsam160,2025-04-01,18:15:45,-07:00,2025-04-01T18:15:45-07:00,2,3
contact\index.html,26,html,40653057,nsam160,2025-04-01,18:15:45,-07:00,2025-04-01T18:15:45-07:00,3,4
contact\index.html,27,html,40653057,nsam160,2025-04-01,18:15:45,-07:00,2025-04-01T18:15:45-07:00,3,20
contact\index.html,28,html,40653057,nsam160,2025-04-01,18:15:45,-07:00,2025-04-01T18:15:45-07:00,2,4
contact\index.html,29,html,40653057,nsam160,2025-04-01,18:15:45,-07:00,2025-04-01T18:15:45-07:00,0,0
contact\index.html,30,html,40653057,nsam160,2025-04-01,18:15:45,-07:00,2025-04-01T18:15:45-07:00,2,3
contact\index.html,31,html,40653057,nsam160,2025-04-01,18:15:45,-07:00,2025-04-01T18:15:45-07:00,3,1
contact\index.html,32,html,40653057,nsam160,2025-04-01,18:15:45,-07:00,2025-04-01T18:15:45-07:00,3,31
contact\index.html,33,html,40653057,nsam160,2025-04-01,18:15:45,-07:00,2025-04-01T18:15:45-07:00,2,4
contact\index.html,34,html,40653057,nsam160,2025-04-01,18:15:45,-07:00,2025-04-01T18:15:45-07:00,0,0
contact\index.html,35,html,f231014b,nsam160,2025-04-07,12:23:30,-07:00,2025-04-07T12:23:30-07:00,2,21
contact\index.html,36,html,40653057,nsam160,2025-04-01,18:15:45,-07:00,2025-04-01T18:15:45-07:00,1,3
contact\index.html,37,html,5d28d9e6,nsam160,2025-04-15,09:25:18,-07:00,2025-04-15T09:25:18-07:00,0,0
contact\index.html,38,html,5d28d9e6,nsam160,2025-04-15,09:25:18,-07:00,2025-04-15T09:25:18-07:00,1,50
contact\index.html,39,html,40653057,nsam160,2025-04-01,18:15:45,-07:00,2025-04-01T18:15:45-07:00,0,3
contact\index.html,40,html,40653057,nsam160,2025-04-01,18:15:45,-07:00,2025-04-01T18:15:45-07:00,0,3
